<?xml version="1.0" encoding="utf-8"?>
<advertising_positions>
  <advertising_position position_id="dbtech_social_discussion_view_above_messages" active="1"><![CDATA[[{"argument":"discussion","required":true}]]]></advertising_position>
  <advertising_position position_id="dbtech_social_discussion_view_below_messages" active="1"><![CDATA[[{"argument":"discussion","required":true}]]]></advertising_position>
  <advertising_position position_id="dbtech_social_groups_group_list_below_stickies" active="1"><![CDATA[[]]]></advertising_position>
  <advertising_position position_id="dbtech_social_groups_group_view_above_disc_list" active="1"><![CDATA[[{"argument":"group","required":true}]]]></advertising_position>
  <advertising_position position_id="dbtech_social_groups_group_view_below_disc_list" active="1"><![CDATA[[{"argument":"group","required":true}]]]></advertising_position>
  <advertising_position position_id="dbtech_social_groups_group_view_below_stickies" active="1"><![CDATA[[{"argument":"group","required":true}]]]></advertising_position>
  <advertising_position position_id="dbtech_social_message_above_content" active="1"><![CDATA[[{"argument":"message","required":true}]]]></advertising_position>
  <advertising_position position_id="dbtech_social_message_below_container" active="1"><![CDATA[[{"argument":"message","required":true}]]]></advertising_position>
  <advertising_position position_id="dbtech_social_message_below_content" active="1"><![CDATA[[{"argument":"message","required":true}]]]></advertising_position>
</advertising_positions>