<?xml version="1.0" encoding="utf-8"?>
<class_extensions>
  <extension from_class="XFMG\ControllerPlugin\AlbumList" to_class="DBTech\SocialGroups\XFMG\ControllerPlugin\AlbumList" execute_order="10" active="1"/>
  <extension from_class="XFMG\ControllerPlugin\MediaList" to_class="DBTech\SocialGroups\XFMG\ControllerPlugin\MediaList" execute_order="10" active="1"/>
  <extension from_class="XFMG\Entity\Album" to_class="DBTech\SocialGroups\XFMG\Entity\Album" execute_order="10" active="1"/>
  <extension from_class="XFMG\Entity\MediaItem" to_class="DBTech\SocialGroups\XFMG\Entity\MediaItem" execute_order="10" active="1"/>
  <extension from_class="XFMG\NewsFeed\Album" to_class="DBTech\SocialGroups\XFMG\NewsFeed\Album" execute_order="10" active="1"/>
  <extension from_class="XFMG\NewsFeed\Comment" to_class="DBTech\SocialGroups\XFMG\NewsFeed\Comment" execute_order="10" active="1"/>
  <extension from_class="XFMG\NewsFeed\MediaItem" to_class="DBTech\SocialGroups\XFMG\NewsFeed\MediaItem" execute_order="10" active="1"/>
  <extension from_class="XFMG\Pub\Controller\Album" to_class="DBTech\SocialGroups\XFMG\Pub\Controller\Album" execute_order="10" active="1"/>
  <extension from_class="XFMG\Pub\Controller\Media" to_class="DBTech\SocialGroups\XFMG\Pub\Controller\Media" execute_order="10" active="1"/>
  <extension from_class="XFMG\Repository\Album" to_class="DBTech\SocialGroups\XFMG\Repository\Album" execute_order="10" active="1"/>
  <extension from_class="XFMG\Repository\Media" to_class="DBTech\SocialGroups\XFMG\Repository\Media" execute_order="10" active="1"/>
  <extension from_class="XFMG\Service\Album\Creator" to_class="DBTech\SocialGroups\XFMG\Service\Album\Creator" execute_order="10" active="1"/>
  <extension from_class="XF\Admin\Controller\UserController" to_class="DBTech\SocialGroups\XF\Admin\Controller\UserController" execute_order="10" active="1"/>
  <extension from_class="XF\Behavior\PermissionRebuildable" to_class="DBTech\SocialGroups\XF\Behavior\PermissionRebuildable" execute_order="10" active="1"/>
  <extension from_class="XF\Entity\Thread" to_class="DBTech\SocialGroups\XF\Entity\Thread" execute_order="10" active="1"/>
  <extension from_class="XF\Entity\User" to_class="DBTech\SocialGroups\XF\Entity\User" execute_order="10" active="1"/>
  <extension from_class="XF\InlineMod\ThreadHandler" to_class="DBTech\SocialGroups\XF\InlineMod\ThreadHandler" execute_order="10" active="1"/>
  <extension from_class="XF\Job\UserAction" to_class="DBTech\SocialGroups\XF\Job\UserAction" execute_order="10" active="1"/>
  <extension from_class="XF\Logger" to_class="DBTech\SocialGroups\XF\Logger" execute_order="10" active="1"/>
  <extension from_class="XF\Mvc\Router" to_class="DBTech\SocialGroups\XF\Mvc\Router" execute_order="10" active="1"/>
  <extension from_class="XF\Pub\Controller\GotoPageController" to_class="DBTech\SocialGroups\XF\Pub\Controller\GotoPageController" execute_order="10" active="1"/>
  <extension from_class="XF\Pub\Controller\ThreadController" to_class="DBTech\SocialGroups\XF\Pub\Controller\ThreadController" execute_order="10" active="1"/>
  <extension from_class="XF\Pub\Controller\WatchedController" to_class="DBTech\SocialGroups\XF\Pub\Controller\WatchedController" execute_order="10" active="1"/>
  <extension from_class="XF\Repository\CountersRepository" to_class="DBTech\SocialGroups\XF\Repository\CountersRepository" execute_order="10" active="1"/>
  <extension from_class="XF\Searcher\User" to_class="DBTech\SocialGroups\XF\Searcher\User" execute_order="10" active="1"/>
  <extension from_class="XF\Service\User\DeleteCleanUpService" to_class="DBTech\SocialGroups\XF\Service\User\DeleteCleanUpService" execute_order="10" active="1"/>
  <extension from_class="XF\Service\User\DeleteService" to_class="DBTech\SocialGroups\XF\Service\User\DeleteService" execute_order="10" active="1"/>
  <extension from_class="XF\Service\User\IgnoreService" to_class="DBTech\SocialGroups\XF\Service\User\IgnoreService" execute_order="10" active="1"/>
  <extension from_class="XF\Template\Templater" to_class="DBTech\SocialGroups\XF\Template\Templater" execute_order="10" active="1"/>
  <extension from_class="XF\Widget\TrendingContent" to_class="DBTech\SocialGroups\XF\Widget\TrendingContent" execute_order="10" active="1"/>
</class_extensions>