<?xml version="1.0" encoding="utf-8"?>
<code_event_listeners>
  <listener event_id="app_pub_render_page" execute_order="10" callback_class="DBTech\SocialGroups\Listener" callback_method="appPubRenderPage" active="1" description="Add badgeContainer to the Social Groups tab"/>
  <listener event_id="app_pub_setup" execute_order="10" callback_class="DBTech\SocialGroups\Listener" callback_method="appPubSetup" active="1" description="App setup"/>
  <listener event_id="criteria_user" execute_order="10" callback_class="DBTech\SocialGroups\Listener" callback_method="criteriaUser" active="1" description="Add the Social Groups-related criteria."/>
  <listener event_id="import_importer_classes" execute_order="10" callback_class="DBTech\SocialGroups\Listener" callback_method="importImporterClasses" active="1" description="Add importer classes"/>
  <listener event_id="templater_macro_pre_render" execute_order="10" callback_class="DBTech\SocialGroups\Listener" callback_method="templaterMacroPreRender" active="1" hint="public:dbtech_social_groups_membership_macros:tabs" description="Add arguments to group membership tabs macro"/>
  <listener event_id="templater_macro_pre_render" execute_order="10" callback_class="DBTech\SocialGroups\Listener" callback_method="templaterMacroPreRender" active="1" hint="admin:dbtech_social_groups_user_batch_update_macros:confirm_update" description="Add arguments to user batch update macro (update)"/>
  <listener event_id="templater_macro_pre_render" execute_order="10" callback_class="DBTech\SocialGroups\Listener" callback_method="templaterMacroPreRender" active="1" hint="admin:dbtech_social_groups_user_batch_update_macros:confirm_delete" description="Add arguments to user batch update macro (delete)"/>
  <listener event_id="templater_macro_pre_render" execute_order="10" callback_class="DBTech\SocialGroups\Listener" callback_method="templaterMacroPreRender" active="1" hint="public:dbtech_social_groups_group_list_wrapper:links" description="Add arguments to group list macro (links)"/>
  <listener event_id="templater_macro_pre_render" execute_order="10" callback_class="DBTech\SocialGroups\Listener" callback_method="templaterMacroPreRender" active="1" hint="public:dbtech_social_groups_node_list_container:depth1" description="Add arguments to node list macro"/>
  <listener event_id="templater_macro_pre_render" execute_order="10" callback_class="DBTech\SocialGroups\Listener" callback_method="templaterMacroPreRender" active="1" hint="public:dbtech_social_groups_group_wrapper:links" description="Add arguments to group wrapper macro (links)"/>
  <listener event_id="templater_macro_pre_render" execute_order="10" callback_class="DBTech\SocialGroups\Listener" callback_method="templaterMacroPreRender" active="1" hint="admin:dbtech_social_groups_user_delete_macros:group" description="Add arguments to user deletion injection macro"/>
  <listener event_id="templater_setup" execute_order="10" callback_class="DBTech\SocialGroups\Listener" callback_method="templaterSetup" active="1" description="Add template functions"/>
  <listener event_id="user_content_change_init" execute_order="10" callback_class="DBTech\SocialGroups\Listener" callback_method="userContentChangeInit" active="1" description="Register the updates that need to happen when a user is renamed, deleted, etc."/>
  <listener event_id="user_delete_clean_init" execute_order="10" callback_class="DBTech\SocialGroups\Listener" callback_method="userDeleteCleanInit" active="1" description="Register the clean up queries that need to run when a user is deleted."/>
</code_event_listeners>