<?xml version="1.0" encoding="utf-8"?>
<content_type_fields>
  <field content_type="dbtech_social_discussion" field_name="activity_log_handler_class">DBTech\SocialGroups\ActivityLog\DiscussionHandler</field>
  <field content_type="dbtech_social_discussion" field_name="alert_handler_class">DBTech\SocialGroups\Alert\DiscussionHandler</field>
  <field content_type="dbtech_social_discussion" field_name="approval_queue_handler_class">DBTech\SocialGroups\ApprovalQueue\DiscussionHandler</field>
  <field content_type="dbtech_social_discussion" field_name="content_vote_handler_class">DBTech\SocialGroups\ContentVote\DiscussionHandler</field>
  <field content_type="dbtech_social_discussion" field_name="email_stop_class">DBTech\SocialGroups\EmailStop\DiscussionHandler</field>
  <field content_type="dbtech_social_discussion" field_name="embed_resolver_class">DBTech\SocialGroups\EmbedResolver\DiscussionHandler</field>
  <field content_type="dbtech_social_discussion" field_name="entity">DBTech\SocialGroups:Discussion</field>
  <field content_type="dbtech_social_discussion" field_name="find_new_handler_class">DBTech\SocialGroups\FindNew\DiscussionHandler</field>
  <field content_type="dbtech_social_discussion" field_name="inline_mod_handler_class">DBTech\SocialGroups\InlineMod\DiscussionHandler</field>
  <field content_type="dbtech_social_discussion" field_name="moderator_log_handler_class">DBTech\SocialGroups\ModeratorLog\DiscussionHandler</field>
  <field content_type="dbtech_social_discussion" field_name="news_feed_handler_class">DBTech\SocialGroups\NewsFeed\DiscussionHandler</field>
  <field content_type="dbtech_social_discussion" field_name="poll_handler_class">DBTech\SocialGroups\Poll\DiscussionHandler</field>
  <field content_type="dbtech_social_discussion" field_name="search_handler_class">DBTech\SocialGroups\Search\Data\DiscussionData</field>
  <field content_type="dbtech_social_discussion" field_name="sitemap_handler_class">DBTech\SocialGroups\Sitemap\DiscussionHandler</field>
  <field content_type="dbtech_social_discussion" field_name="spam_handler_class">DBTech\SocialGroups\Spam\Cleaner\DiscussionHandler</field>
  <field content_type="dbtech_social_discussion" field_name="stats_handler_class">DBTech\SocialGroups\Stats\DiscussionHandler</field>
  <field content_type="dbtech_social_discussion" field_name="tag_handler_class">DBTech\SocialGroups\Tag\DiscussionHandler</field>
  <field content_type="dbtech_social_discussion" field_name="trending_content_handler_class">DBTech\SocialGroups\TrendingContent\DiscussionHandler</field>
  <field content_type="dbtech_social_group" field_name="approval_queue_handler_class">DBTech\SocialGroups\ApprovalQueue\GroupHandler</field>
  <field content_type="dbtech_social_group" field_name="bookmark_handler_class">DBTech\SocialGroups\Bookmark\GroupHandler</field>
  <field content_type="dbtech_social_group" field_name="email_stop_class">DBTech\SocialGroups\EmailStop\GroupHandler</field>
  <field content_type="dbtech_social_group" field_name="embed_resolver_class">DBTech\SocialGroups\EmbedResolver\GroupHandler</field>
  <field content_type="dbtech_social_group" field_name="entity">DBTech\SocialGroups:Group</field>
  <field content_type="dbtech_social_group" field_name="featured_content_handler_class">DBTech\SocialGroups\FeaturedContent\GroupHandler</field>
  <field content_type="dbtech_social_group" field_name="find_new_handler_class">DBTech\SocialGroups\FindNew\GroupHandler</field>
  <field content_type="dbtech_social_group" field_name="moderator_handler_class">DBTech\SocialGroups\Moderator\GroupModerator</field>
  <field content_type="dbtech_social_group" field_name="moderator_log_handler_class">DBTech\SocialGroups\ModeratorLog\GroupHandler</field>
  <field content_type="dbtech_social_group" field_name="nf_calendar_event_type_handler_class">DBTech\SocialGroups\EventType\SocialGroupHandler</field>
  <field content_type="dbtech_social_group" field_name="nf_calendar_type_handler_class">DBTech\SocialGroups\CalendarType\SocialGroupHandler</field>
  <field content_type="dbtech_social_group" field_name="permission_handler_class">DBTech\SocialGroups\Permission\GroupPermissions</field>
  <field content_type="dbtech_social_group" field_name="phrase_plural">dbtech_social_groups_social_groups</field>
  <field content_type="dbtech_social_group" field_name="report_handler_class">DBTech\SocialGroups\Report\GroupHandler</field>
  <field content_type="dbtech_social_group" field_name="search_handler_class">DBTech\SocialGroups\Search\Data\GroupData</field>
  <field content_type="dbtech_social_group" field_name="sitemap_handler_class">DBTech\SocialGroups\Sitemap\GroupHandler</field>
  <field content_type="dbtech_social_group" field_name="tag_handler_class">DBTech\SocialGroups\Tag\GroupHandler</field>
  <field content_type="dbtech_social_invite" field_name="alert_handler_class">DBTech\SocialGroups\Alert\InviteHandler</field>
  <field content_type="dbtech_social_invite" field_name="entity">DBTech\SocialGroups:GroupInvite</field>
  <field content_type="dbtech_social_member" field_name="alert_handler_class">DBTech\SocialGroups\Alert\MemberHandler</field>
  <field content_type="dbtech_social_member" field_name="approval_queue_handler_class">DBTech\SocialGroups\ApprovalQueue\GroupMemberHandler</field>
  <field content_type="dbtech_social_member" field_name="entity">DBTech\SocialGroups:GroupMember</field>
  <field content_type="dbtech_social_member" field_name="moderator_log_handler_class">DBTech\SocialGroups\ModeratorLog\GroupMemberHandler</field>
  <field content_type="dbtech_social_member" field_name="phrase">dbtech_social_groups_social_group_member</field>
  <field content_type="dbtech_social_message" field_name="activity_log_handler_class">DBTech\SocialGroups\ActivityLog\MessageHandler</field>
  <field content_type="dbtech_social_message" field_name="alert_handler_class">DBTech\SocialGroups\Alert\MessageHandler</field>
  <field content_type="dbtech_social_message" field_name="approval_queue_handler_class">DBTech\SocialGroups\ApprovalQueue\MessageHandler</field>
  <field content_type="dbtech_social_message" field_name="attachment_handler_class">DBTech\SocialGroups\Attachment\MessageHandler</field>
  <field content_type="dbtech_social_message" field_name="bookmark_handler_class">DBTech\SocialGroups\Bookmark\MessageHandler</field>
  <field content_type="dbtech_social_message" field_name="content_vote_handler_class">DBTech\SocialGroups\ContentVote\MessageHandler</field>
  <field content_type="dbtech_social_message" field_name="edit_history_handler_class">DBTech\SocialGroups\EditHistory\MessageHandler</field>
  <field content_type="dbtech_social_message" field_name="embed_resolver_class">DBTech\SocialGroups\EmbedResolver\MessageHandler</field>
  <field content_type="dbtech_social_message" field_name="entity">DBTech\SocialGroups:Message</field>
  <field content_type="dbtech_social_message" field_name="inline_mod_handler_class">DBTech\SocialGroups\InlineMod\MessageHandler</field>
  <field content_type="dbtech_social_message" field_name="moderator_log_handler_class">DBTech\SocialGroups\ModeratorLog\MessageHandler</field>
  <field content_type="dbtech_social_message" field_name="news_feed_handler_class">DBTech\SocialGroups\NewsFeed\MessageHandler</field>
  <field content_type="dbtech_social_message" field_name="phrase">dbtech_social_groups_message_noun</field>
  <field content_type="dbtech_social_message" field_name="phrase_plural">dbtech_social_groups_messages</field>
  <field content_type="dbtech_social_message" field_name="reaction_handler_class">DBTech\SocialGroups\Reaction\MessageHandler</field>
  <field content_type="dbtech_social_message" field_name="report_handler_class">DBTech\SocialGroups\Report\MessageHandler</field>
  <field content_type="dbtech_social_message" field_name="search_handler_class">DBTech\SocialGroups\Search\Data\MessageData</field>
  <field content_type="dbtech_social_message" field_name="spam_handler_class">DBTech\SocialGroups\Spam\Cleaner\MessageHandler</field>
  <field content_type="dbtech_social_message" field_name="stats_handler_class">DBTech\SocialGroups\Stats\MessageHandler</field>
  <field content_type="dbtech_social_message" field_name="warning_handler_class">DBTech\SocialGroups\Warning\MessageHandler</field>
  <field content_type="dbtech_social_section" field_name="bookmark_handler_class">DBTech\SocialGroups\Bookmark\SectionHandler</field>
  <field content_type="dbtech_social_section" field_name="entity">DBTech\SocialGroups:Section</field>
</content_type_fields>