<?xml version="1.0" encoding="utf-8"?>
<cron>
  <entry entry_id="dbtechSocialCleanUpDaily" cron_class="DBTech\SocialGroups\Cron\CleanUp" cron_method="runDailyCleanUp" active="1"><![CDATA[{"day_type":"dom","dom":[-1],"hours":[3],"minutes":[0]}]]></entry>
  <entry entry_id="dbtechSocialCleanUpHourly" cron_class="DBTech\SocialGroups\Cron\CleanUp" cron_method="runHourlyCleanUp" active="1"><![CDATA[{"day_type":"dom","dom":[-1],"hours":[-1],"minutes":[10]}]]></entry>
  <entry entry_id="dbtechSocialExpiredBans" cron_class="DBTech\SocialGroups\Cron\Ban" cron_method="deleteExpiredBans" active="1"><![CDATA[{"day_type":"dom","dom":[-1],"hours":[-1],"minutes":[45]}]]></entry>
  <entry entry_id="dbtechSocialViews" cron_class="DBTech\SocialGroups\Cron\Views" cron_method="runViewUpdate" active="1"><![CDATA[{"day_type":"dom","dom":[-1],"hours":[-1],"minutes":[30]}]]></entry>
</cron>