<?xml version="1.0" encoding="utf-8"?>
<navigation>
  <navigation_entry navigation_id="dbtechSocial" display_order="210" navigation_type_id="basic" enabled="1"><![CDATA[{"link":"{{ link('dbtech-social') }}","display_condition":"$xf.visitor.hasPermission('dbtechSocial', 'view')","extra_attributes":[]}]]></navigation_entry>
  <navigation_entry navigation_id="dbtechSocialList" parent_navigation_id="dbtechSocial" display_order="200" navigation_type_id="basic" enabled="1"><![CDATA[{"link":"{{ link('dbtech-social') }}","display_condition":"","extra_attributes":[]}]]></navigation_entry>
  <navigation_entry navigation_id="dbtechSocialMarkRead" parent_navigation_id="dbtechSocial" display_order="600" navigation_type_id="basic" enabled="1"><![CDATA[{"link":"{{ link('dbtech-social\/mark-read', '-', {'date': $xf.time}) }}","display_condition":"$xf.visitor.user_id","extra_attributes":{"data-xf-click":"overlay"}}]]></navigation_entry>
  <navigation_entry navigation_id="dbtechSocialNewMessages" parent_navigation_id="dbtechSocial" display_order="100" navigation_type_id="basic" enabled="1"><![CDATA[{"link":"{{ link('whats-new\/dbtech-social-messages') }}","display_condition":"","extra_attributes":{"rel":"nofollow"}}]]></navigation_entry>
  <navigation_entry navigation_id="dbtechSocialSearchDiscussions" parent_navigation_id="dbtechSocial" display_order="510" navigation_type_id="basic" enabled="1"><![CDATA[{"link":"{{ link('search', null, {'type': 'dbtech_social_message'}) }}","display_condition":"$xf.visitor.canSearch()","extra_attributes":[]}]]></navigation_entry>
  <navigation_entry navigation_id="dbtechSocialSearchGroups" parent_navigation_id="dbtechSocial" display_order="500" navigation_type_id="basic" enabled="1"><![CDATA[{"link":"{{ link('search', null, {'type': 'dbtech_social_group'}) }}","display_condition":"$xf.visitor.canSearch()","extra_attributes":[]}]]></navigation_entry>
  <navigation_entry navigation_id="dbtechSocialWatched" parent_navigation_id="dbtechSocial" display_order="400" navigation_type_id="basic" enabled="1"><![CDATA[{"link":"{{ link('watched\/dbtech-social-discussions') }}","display_condition":"$xf.visitor.user_id","extra_attributes":[]}]]></navigation_entry>
  <navigation_entry navigation_id="dbtechSocialWatchedDisc" parent_navigation_id="dbtechSocialWatched" display_order="100" navigation_type_id="basic" enabled="1"><![CDATA[{"link":"{{ link('watched\/dbtech-social-discussions') }}","display_condition":"$xf.visitor.user_id","extra_attributes":[]}]]></navigation_entry>
  <navigation_entry navigation_id="dbtechSocialWatchedGroups" parent_navigation_id="dbtechSocialWatched" display_order="200" navigation_type_id="basic" enabled="1"><![CDATA[{"link":"{{ link('watched\/dbtech-social-groups') }}","display_condition":"$xf.visitor.user_id","extra_attributes":[]}]]></navigation_entry>
  <navigation_entry navigation_id="dbtechSocialWhatsNewMessages" parent_navigation_id="whatsNew" display_order="110" navigation_type_id="basic" enabled="1"><![CDATA[{"link":"{{ link('whats-new\/dbtech-social-messages') }}","display_condition":"","extra_attributes":{"rel":"nofollow"}}]]></navigation_entry>
  <navigation_entry navigation_id="dbtechSocialYourGroups" parent_navigation_id="dbtechSocial" display_order="300" navigation_type_id="basic" enabled="1"><![CDATA[{"link":"{{ link('dbtech-social\/memberships', $xf.visitor) }}","display_condition":"$xf.visitor.user_id","extra_attributes":[]}]]></navigation_entry>
  <navigation_entry navigation_id="dbtechSocialYourManagedGroups" parent_navigation_id="dbtechSocialYourGroups" display_order="300" navigation_type_id="basic" enabled="1"><![CDATA[{"link":"{{ link('dbtech-social\/memberships\/managed', $xf.visitor) }}","display_condition":"$xf.visitor.user_id","extra_attributes":[]}]]></navigation_entry>
  <navigation_entry navigation_id="dbtechSocialYourMemberships" parent_navigation_id="dbtechSocialYourGroups" display_order="100" navigation_type_id="basic" enabled="1"><![CDATA[{"link":"{{ link('dbtech-social\/memberships', $xf.visitor) }}","display_condition":"$xf.visitor.user_id","extra_attributes":[]}]]></navigation_entry>
  <navigation_entry navigation_id="dbtechSocialYourOwnedGroups" parent_navigation_id="dbtechSocialYourGroups" display_order="200" navigation_type_id="basic" enabled="1"><![CDATA[{"link":"{{ link('dbtech-social\/memberships\/owned', $xf.visitor) }}","display_condition":"$xf.visitor.user_id","extra_attributes":[]}]]></navigation_entry>
</navigation>