<?xml version="1.0" encoding="utf-8"?>
<options>
  <option option_id="dbtechSocialAllowPrivacyDowngrade" edit_format="onoff" data_type="boolean" advanced="0">
    <default_value>0</default_value>
    <relation group_id="dbtechSocial" display_order="30"/>
  </option>
  <option option_id="dbtechSocialDefaultPermissions" edit_format="template" data_type="array" advanced="0">
    <default_value>{"groupOwner":"{\"contentPermissions\":{\"dbtechSocial\":{\"inlineMod\":\"content_allow\",\"stickUnstickDiscussion\":\"content_allow\",\"lockUnlockDiscussion\":\"content_allow\",\"manageAnyDiscussion\":\"content_allow\",\"deleteAnyDiscussion\":\"content_allow\",\"hardDeleteAnyDiscussion\":\"unset\",\"discussionReplyBan\":\"content_allow\",\"editAnyMessage\":\"unset\",\"deleteAnyMessage\":\"content_allow\",\"hardDeleteAnyMessage\":\"unset\",\"warn\":\"unset\",\"manageAnyTag\":\"content_allow\",\"viewModeratorLogs\":\"unset\",\"viewDeleted\":\"unset\",\"viewModerated\":\"unset\",\"undelete\":\"unset\",\"approveUnapprove\":\"unset\",\"approveRejectMembers\":\"content_allow\",\"inviteUser\":\"content_allow\",\"kickUser\":\"content_allow\",\"banUser\":\"content_allow\",\"delete\":\"content_allow\",\"hardDelete\":\"unset\",\"uploadIcon\":\"content_allow\",\"uploadBanner\":\"content_allow\"}}}","groupModerators":"{\"contentPermissions\":{\"dbtechSocial\":{\"inlineMod\":\"content_allow\",\"stickUnstickDiscussion\":\"content_allow\",\"lockUnlockDiscussion\":\"content_allow\",\"manageAnyDiscussion\":\"content_allow\",\"deleteAnyDiscussion\":\"content_allow\",\"discussionReplyBan\":\"content_allow\",\"deleteAnyMessage\":\"content_allow\",\"manageAnyTag\":\"content_allow\",\"approveRejectMembers\":\"content_allow\",\"inviteUser\":\"content_allow\",\"kickUser\":\"content_allow\",\"banUser\":\"content_allow\",\"delete\":\"content_allow\"}}}"}</default_value>
    <edit_format_params>option_template_dbtechSocialDefaultPermissions</edit_format_params>
    <sub_options>groupOwner
groupModerators</sub_options>
    <relation group_id="dbtechSocial" display_order="10"/>
  </option>
  <option option_id="dbtechSocialDisabledPostCounters" edit_format="checkbox" data_type="array" advanced="0">
    <default_value>{"public":"0","closed":"0","private":"0","hidden":"0"}</default_value>
    <edit_format_params>public={{ phrase('public') }}
closed={{ phrase('closed') }}
private={{ phrase('private') }}
hidden={{ phrase('dbtech_social_groups_group_privacy_hidden') }}</edit_format_params>
    <sub_options>public
closed
private
hidden</sub_options>
    <relation group_id="dbtechSocial" display_order="40"/>
  </option>
  <option option_id="dbtechSocialEnableCalendar" edit_format="template" data_type="boolean" advanced="0">
    <default_value>1</default_value>
    <edit_format_params>option_template_dbtechSocialEnableCalendar</edit_format_params>
    <relation group_id="dbtechSocial" display_order="501"/>
  </option>
  <option option_id="dbtechSocialEnableMediaGallery" edit_format="template" data_type="boolean" advanced="0">
    <default_value>1</default_value>
    <edit_format_params>option_template_dbtechSocialEnableMediaGallery</edit_format_params>
    <relation group_id="dbtechSocial" display_order="401"/>
  </option>
  <option option_id="dbtechSocialEnabledGroupOwnerFeatures" edit_format="checkbox" data_type="array" advanced="0">
    <default_value>{"moderation":false,"allowed_watch_notifications":"1","min_tags":"1","default_sort":"1","list_date_limit_days":"1","locale":"1"}</default_value>
    <edit_format_params>moderation={{ phrase('dbtech_social_groups_moderate_discussions_replies') }}
allowed_watch_notifications={{ phrase('dbtech_social_groups_group_watch_notification_limit') }}
min_tags={{ phrase('minimum_required_tags') }}
default_sort={{ phrase('default_sort_order') }}
list_date_limit_days={{ phrase('dbtech_social_groups_discussion_list_date_limit') }}
locale={{ phrase('locale') }}</edit_format_params>
    <sub_options>moderation
allowed_watch_notifications
min_tags
default_sort
list_date_limit_days
locale</sub_options>
    <relation group_id="dbtechSocial" display_order="20"/>
  </option>
  <option option_id="dbtechSocialGroupsEnableSections" edit_format="onoff" data_type="boolean" advanced="0">
    <default_value>1</default_value>
    <relation group_id="dbtechSocial" display_order="60"/>
  </option>
  <option option_id="dbtechSocialGroupsExcludedRelatedThreadsNodes" edit_format="callback" data_type="array" advanced="0">
    <default_value>[]</default_value>
    <edit_format_params>XF\Option\Forum::renderSelectMultiple</edit_format_params>
    <sub_options>*</sub_options>
    <relation group_id="dbtechSocial" display_order="310"/>
  </option>
  <option option_id="dbtechSocialGroupsMaxRelatedThreads" edit_format="spinbox" data_type="unsigned_integer" advanced="0">
    <default_value>5</default_value>
    <relation group_id="dbtechSocial" display_order="301"/>
  </option>
  <option option_id="dbtechSocialGroupsPerPage" edit_format="spinbox" data_type="unsigned_integer" advanced="0">
    <default_value>20</default_value>
    <relation group_id="dbtechSocial" display_order="101"/>
  </option>
  <option option_id="dbtechSocialInviteBypassMaxJoined" edit_format="onoff" data_type="boolean" advanced="0">
    <default_value>0</default_value>
    <relation group_id="dbtechSocial" display_order="35"/>
  </option>
  <option option_id="dbtechSocialListDefaultOrder" edit_format="select" data_type="string" advanced="0">
    <default_value>last_message_date</default_value>
    <edit_format_params>last_message_date={{ phrase('dbtech_social_groups_last_message_date') }}
creation_date={{ phrase('dbtech_social_groups_creation_date') }}
last_update_date={{ phrase('dbtech_social_groups_last_update_date') }}
member_count={{ phrase('dbtech_social_groups_member_count') }}
discussion_count={{ phrase('dbtech_social_groups_discussion_count') }}
message_count={{ phrase('dbtech_social_groups_message_count') }}
view_count={{ phrase('views') }}
title={{ phrase('title') }}
random={{ phrase('dbtech_social_groups_random') }}</edit_format_params>
    <relation group_id="dbtechSocial" display_order="110"/>
  </option>
  <option option_id="dbtechSocialMediaGalleryBanAction" edit_format="radio" data_type="string" advanced="0">
    <default_value>do_nothing</default_value>
    <edit_format_params>do_nothing={{ phrase('do_nothing') }}
unlink={{ phrase('dbtech_social_groups_unlink_associated_albums') }}</edit_format_params>
    <relation group_id="dbtechSocial" display_order="430"/>
  </option>
  <option option_id="dbtechSocialMediaGalleryCategoryId" edit_format="callback" data_type="unsigned_integer" advanced="0">
    <default_value>0</default_value>
    <edit_format_params>DBTech\SocialGroups\Option\MediaAlbumCategory::renderSelect</edit_format_params>
    <relation group_id="dbtechSocial" display_order="410"/>
  </option>
  <option option_id="dbtechSocialMediaGalleryDeleteAction" edit_format="radio" data_type="string" advanced="0">
    <default_value>unlink</default_value>
    <edit_format_params>unlink={{ phrase('dbtech_social_groups_unlink_associated_albums') }}
delete={{ phrase('dbtech_social_groups_delete_associated_albums') }}</edit_format_params>
    <relation group_id="dbtechSocial" display_order="420"/>
  </option>
  <option option_id="dbtechSocialMediaGalleryKickAction" edit_format="radio" data_type="string" advanced="0">
    <default_value>do_nothing</default_value>
    <edit_format_params>do_nothing={{ phrase('do_nothing') }}
unlink={{ phrase('dbtech_social_groups_unlink_associated_albums') }}</edit_format_params>
    <relation group_id="dbtechSocial" display_order="440"/>
  </option>
  <option option_id="dbtechSocialMediaGalleryLeaveAction" edit_format="radio" data_type="string" advanced="0">
    <default_value>do_nothing</default_value>
    <edit_format_params>do_nothing={{ phrase('do_nothing') }}
unlink={{ phrase('dbtech_social_groups_unlink_associated_albums') }}</edit_format_params>
    <relation group_id="dbtechSocial" display_order="450"/>
  </option>
  <option option_id="dbtechSocialMemberListDefaultOrder" edit_format="callback" data_type="string" advanced="0">
    <default_value>username</default_value>
    <edit_format_params>DBTech\SocialGroups\Option\MemberListDefaultOrder::renderSelect</edit_format_params>
    <relation group_id="dbtechSocial" display_order="120"/>
  </option>
  <option option_id="dbtechSocialSpamDiscussionAction" edit_format="callback" data_type="array" validation_class="DBTech\SocialGroups\Option\SpamDiscussionAction" validation_method="verifyOption" advanced="0">
    <default_value>{"action":"soft-delete"}</default_value>
    <edit_format_params>DBTech\SocialGroups\Option\SpamDiscussionAction::renderOption</edit_format_params>
    <sub_options>action</sub_options>
    <relation group_id="spam" display_order="231"/>
  </option>
  <option option_id="dbtechSocialTermsPageId" edit_format="callback" data_type="unsigned_integer" advanced="0">
    <default_value>0</default_value>
    <edit_format_params>DBTech\SocialGroups\Option\Page::renderSelect</edit_format_params>
    <relation group_id="dbtechSocial" display_order="50"/>
  </option>
  <option option_id="dbtechSocialTransferDefaultRecipient" edit_format="username" data_type="unsigned_integer" advanced="0">
    <default_value>0</default_value>
    <relation group_id="dbtechSocial" display_order="202"/>
  </option>
  <option option_id="dbtechSocialTransferDiscussionEnabled" edit_format="onoff" data_type="boolean" advanced="0">
    <default_value>1</default_value>
    <relation group_id="dbtechSocial" display_order="201"/>
  </option>
  <option option_id="dbtechSocialTransferDiscussionNodeId" edit_format="callback" data_type="unsigned_integer" advanced="0">
    <default_value>0</default_value>
    <edit_format_params>XF\Option\Forum::renderSelect</edit_format_params>
    <relation group_id="dbtechSocial" display_order="205"/>
  </option>
  <option option_id="dbtechSocialTransferDiscussionPrefixId" edit_format="callback" data_type="unsigned_integer" advanced="0">
    <default_value>0</default_value>
    <edit_format_params>DBTech\SocialGroups\Option\ThreadPrefix::renderSelect</edit_format_params>
    <relation group_id="dbtechSocial" display_order="220"/>
  </option>
  <option option_id="dbtechSocialTransferDiscussionStarter" edit_format="username" data_type="unsigned_integer" advanced="0">
    <default_value>0</default_value>
    <relation group_id="dbtechSocial" display_order="210"/>
  </option>
</options>