<?xml version="1.0" encoding="utf-8"?>
<permissions>
  <permission permission_group_id="dbtechSocial" permission_id="addMedia" permission_type="flag" interface_group_id="dbtechSocialPermissions" display_order="170"/>
  <permission permission_group_id="dbtechSocial" permission_id="approveRejectMembers" permission_type="flag" interface_group_id="dbtechSocialModeratorPermissions" display_order="331"/>
  <permission permission_group_id="dbtechSocial" permission_id="approveUnapprove" permission_type="flag" interface_group_id="dbtechSocialModeratorPermissions" display_order="330"/>
  <permission permission_group_id="dbtechSocial" permission_id="approveUnapproveGroups" permission_type="flag" interface_group_id="dbtechSocialGlobalModeratorPermissions" display_order="70"/>
  <permission permission_group_id="dbtechSocial" permission_id="banUser" permission_type="flag" interface_group_id="dbtechSocialModeratorPermissions" display_order="350"/>
  <permission permission_group_id="dbtechSocial" permission_id="contentVote" permission_type="flag" interface_group_id="dbtechSocialPermissions" display_order="7"/>
  <permission permission_group_id="dbtechSocial" permission_id="createClosedGroup" permission_type="flag" depend_permission_id="createGroup" interface_group_id="dbtechSocialPermissions" display_order="120"/>
  <permission permission_group_id="dbtechSocial" permission_id="createGroup" permission_type="flag" interface_group_id="dbtechSocialPermissions" display_order="110"/>
  <permission permission_group_id="dbtechSocial" permission_id="createHiddenGroup" permission_type="flag" depend_permission_id="createGroup" interface_group_id="dbtechSocialPermissions" display_order="140"/>
  <permission permission_group_id="dbtechSocial" permission_id="createNestedSections" permission_type="flag" interface_group_id="dbtechSocialModeratorPermissions" display_order="440"/>
  <permission permission_group_id="dbtechSocial" permission_id="createPrivateGroup" permission_type="flag" depend_permission_id="createGroup" interface_group_id="dbtechSocialPermissions" display_order="130"/>
  <permission permission_group_id="dbtechSocial" permission_id="createWithoutApproval" permission_type="flag" interface_group_id="dbtechSocialPermissions" display_order="9000"/>
  <permission permission_group_id="dbtechSocial" permission_id="delete" permission_type="flag" interface_group_id="dbtechSocialModeratorPermissions" display_order="360"/>
  <permission permission_group_id="dbtechSocial" permission_id="deleteAny" permission_type="flag" interface_group_id="dbtechSocialGlobalModeratorPermissions" display_order="20"/>
  <permission permission_group_id="dbtechSocial" permission_id="deleteAnyDiscussion" permission_type="flag" interface_group_id="dbtechSocialModeratorPermissions" display_order="50"/>
  <permission permission_group_id="dbtechSocial" permission_id="deleteAnyMessage" permission_type="flag" interface_group_id="dbtechSocialModeratorPermissions" display_order="210"/>
  <permission permission_group_id="dbtechSocial" permission_id="deleteImportedThreads" permission_type="flag" depend_permission_id="importThreads" interface_group_id="dbtechSocialGlobalModeratorPermissions" display_order="81"/>
  <permission permission_group_id="dbtechSocial" permission_id="deleteOwnDiscussion" permission_type="flag" interface_group_id="dbtechSocialPermissions" display_order="28"/>
  <permission permission_group_id="dbtechSocial" permission_id="deleteOwnMessage" permission_type="flag" interface_group_id="dbtechSocialPermissions" display_order="15"/>
  <permission permission_group_id="dbtechSocial" permission_id="discussionReplyBan" permission_type="flag" interface_group_id="dbtechSocialModeratorPermissions" display_order="60"/>
  <permission permission_group_id="dbtechSocial" permission_id="editAny" permission_type="flag" interface_group_id="dbtechSocialGlobalModeratorPermissions" display_order="10"/>
  <permission permission_group_id="dbtechSocial" permission_id="editAnyAlbum" permission_type="flag" interface_group_id="dbtechSocialModeratorPermissions" display_order="400"/>
  <permission permission_group_id="dbtechSocial" permission_id="editAnyMessage" permission_type="flag" interface_group_id="dbtechSocialModeratorPermissions" display_order="200"/>
  <permission permission_group_id="dbtechSocial" permission_id="editOwnDiscussionTitle" permission_type="flag" interface_group_id="dbtechSocialPermissions" display_order="25"/>
  <permission permission_group_id="dbtechSocial" permission_id="editOwnMessage" permission_type="flag" interface_group_id="dbtechSocialPermissions" display_order="20"/>
  <permission permission_group_id="dbtechSocial" permission_id="editOwnMessageTimeLimit" permission_type="integer" interface_group_id="dbtechSocialPermissions" display_order="21"/>
  <permission permission_group_id="dbtechSocial" permission_id="featureUnfeatureGroups" permission_type="flag" interface_group_id="dbtechSocialGlobalModeratorPermissions" display_order="22"/>
  <permission permission_group_id="dbtechSocial" permission_id="hardDelete" permission_type="flag" interface_group_id="dbtechSocialModeratorPermissions" display_order="370"/>
  <permission permission_group_id="dbtechSocial" permission_id="hardDeleteAny" permission_type="flag" interface_group_id="dbtechSocialGlobalModeratorPermissions" display_order="40"/>
  <permission permission_group_id="dbtechSocial" permission_id="hardDeleteAnyDiscussion" permission_type="flag" interface_group_id="dbtechSocialModeratorPermissions" display_order="55"/>
  <permission permission_group_id="dbtechSocial" permission_id="hardDeleteAnyMessage" permission_type="flag" interface_group_id="dbtechSocialModeratorPermissions" display_order="215"/>
  <permission permission_group_id="dbtechSocial" permission_id="hardDeleteImportedThreads" permission_type="flag" depend_permission_id="importThreads" interface_group_id="dbtechSocialGlobalModeratorPermissions" display_order="82"/>
  <permission permission_group_id="dbtechSocial" permission_id="importThreads" permission_type="flag" interface_group_id="dbtechSocialGlobalModeratorPermissions" display_order="80"/>
  <permission permission_group_id="dbtechSocial" permission_id="inlineMod" permission_type="flag" interface_group_id="dbtechSocialModeratorPermissions" display_order="1"/>
  <permission permission_group_id="dbtechSocial" permission_id="inviteUser" permission_type="flag" interface_group_id="dbtechSocialModeratorPermissions" display_order="340"/>
  <permission permission_group_id="dbtechSocial" permission_id="joinGroup" permission_type="flag" depend_permission_id="viewGroup" interface_group_id="dbtechSocialPermissions" display_order="8"/>
  <permission permission_group_id="dbtechSocial" permission_id="kickUser" permission_type="flag" interface_group_id="dbtechSocialModeratorPermissions" display_order="345"/>
  <permission permission_group_id="dbtechSocial" permission_id="lockUnlockDiscussion" permission_type="flag" interface_group_id="dbtechSocialModeratorPermissions" display_order="20"/>
  <permission permission_group_id="dbtechSocial" permission_id="manageAnyDiscussion" permission_type="flag" interface_group_id="dbtechSocialModeratorPermissions" display_order="30"/>
  <permission permission_group_id="dbtechSocial" permission_id="manageAnyGroup" permission_type="flag" interface_group_id="dbtechSocialGlobalModeratorPermissions" display_order="30"/>
  <permission permission_group_id="dbtechSocial" permission_id="manageAnyTag" permission_type="flag" interface_group_id="dbtechSocialModeratorPermissions" display_order="225"/>
  <permission permission_group_id="dbtechSocial" permission_id="manageOthersTagsOwnDisc" permission_type="flag" interface_group_id="dbtechSocialPermissions" display_order="42"/>
  <permission permission_group_id="dbtechSocial" permission_id="manageRelatedThreads" permission_type="flag" interface_group_id="dbtechSocialModeratorPermissions" display_order="430"/>
  <permission permission_group_id="dbtechSocial" permission_id="maxAlbumsPerGroup" permission_type="integer" interface_group_id="dbtechSocialPermissions" display_order="180"/>
  <permission permission_group_id="dbtechSocial" permission_id="maxCreatedGroups" permission_type="integer" interface_group_id="dbtechSocialPermissions" display_order="150"/>
  <permission permission_group_id="dbtechSocial" permission_id="maxCreatedSections" permission_type="integer" interface_group_id="dbtechSocialPermissions" display_order="200"/>
  <permission permission_group_id="dbtechSocial" permission_id="maxInvitedUserBatch" permission_type="integer" interface_group_id="dbtechSocialPermissions" display_order="190"/>
  <permission permission_group_id="dbtechSocial" permission_id="maxJoinedGroups" permission_type="integer" interface_group_id="dbtechSocialPermissions" display_order="160"/>
  <permission permission_group_id="dbtechSocial" permission_id="postReply" permission_type="flag" interface_group_id="dbtechSocialPermissions" display_order="10"/>
  <permission permission_group_id="dbtechSocial" permission_id="react" permission_type="flag" interface_group_id="dbtechSocialPermissions" display_order="6"/>
  <permission permission_group_id="dbtechSocial" permission_id="startDiscussion" permission_type="flag" interface_group_id="dbtechSocialPermissions" display_order="9"/>
  <permission permission_group_id="dbtechSocial" permission_id="stickUnstickDiscussion" permission_type="flag" interface_group_id="dbtechSocialModeratorPermissions" display_order="10"/>
  <permission permission_group_id="dbtechSocial" permission_id="tagAnyDiscussion" permission_type="flag" interface_group_id="dbtechSocialPermissions" display_order="41"/>
  <permission permission_group_id="dbtechSocial" permission_id="tagAnyGroup" permission_type="flag" interface_group_id="dbtechSocialPermissions" display_order="51"/>
  <permission permission_group_id="dbtechSocial" permission_id="tagOwnDiscussion" permission_type="flag" interface_group_id="dbtechSocialPermissions" display_order="40"/>
  <permission permission_group_id="dbtechSocial" permission_id="tagOwnGroup" permission_type="flag" interface_group_id="dbtechSocialPermissions" display_order="50"/>
  <permission permission_group_id="dbtechSocial" permission_id="undelete" permission_type="flag" interface_group_id="dbtechSocialModeratorPermissions" display_order="320"/>
  <permission permission_group_id="dbtechSocial" permission_id="unlinkAnyAlbum" permission_type="flag" interface_group_id="dbtechSocialModeratorPermissions" display_order="401"/>
  <permission permission_group_id="dbtechSocial" permission_id="uploadAttachment" permission_type="flag" depend_permission_id="viewAttachment" interface_group_id="dbtechSocialPermissions" display_order="31"/>
  <permission permission_group_id="dbtechSocial" permission_id="uploadBanner" permission_type="flag" interface_group_id="dbtechSocialModeratorPermissions" display_order="390"/>
  <permission permission_group_id="dbtechSocial" permission_id="uploadIcon" permission_type="flag" interface_group_id="dbtechSocialModeratorPermissions" display_order="380"/>
  <permission permission_group_id="dbtechSocial" permission_id="uploadVideo" permission_type="flag" depend_permission_id="uploadAttachment" interface_group_id="dbtechSocialPermissions" display_order="32"/>
  <permission permission_group_id="dbtechSocial" permission_id="view" permission_type="flag" interface_group_id="dbtechSocialPermissions" display_order="1"/>
  <permission permission_group_id="dbtechSocial" permission_id="viewAnyLog" permission_type="flag" interface_group_id="dbtechSocialGlobalModeratorPermissions" display_order="5"/>
  <permission permission_group_id="dbtechSocial" permission_id="viewAttachment" permission_type="flag" interface_group_id="dbtechSocialPermissions" display_order="30"/>
  <permission permission_group_id="dbtechSocial" permission_id="viewBanned" permission_type="flag" interface_group_id="dbtechSocialPermissions" display_order="5"/>
  <permission permission_group_id="dbtechSocial" permission_id="viewContent" permission_type="flag" interface_group_id="dbtechSocialPermissions" display_order="4"/>
  <permission permission_group_id="dbtechSocial" permission_id="viewDeleted" permission_type="flag" interface_group_id="dbtechSocialModeratorPermissions" display_order="300"/>
  <permission permission_group_id="dbtechSocial" permission_id="viewDeletedGroups" permission_type="flag" interface_group_id="dbtechSocialGlobalModeratorPermissions" display_order="50"/>
  <permission permission_group_id="dbtechSocial" permission_id="viewGroup" permission_type="flag" depend_permission_id="view" interface_group_id="dbtechSocialPermissions" display_order="2"/>
  <permission permission_group_id="dbtechSocial" permission_id="viewModerated" permission_type="flag" interface_group_id="dbtechSocialModeratorPermissions" display_order="310"/>
  <permission permission_group_id="dbtechSocial" permission_id="viewModeratedGroups" permission_type="flag" interface_group_id="dbtechSocialGlobalModeratorPermissions" display_order="60"/>
  <permission permission_group_id="dbtechSocial" permission_id="viewModeratorLogs" permission_type="flag" interface_group_id="dbtechSocialModeratorPermissions" display_order="227"/>
  <permission permission_group_id="dbtechSocial" permission_id="viewOthers" permission_type="flag" interface_group_id="dbtechSocialPermissions" display_order="3"/>
  <permission permission_group_id="dbtechSocial" permission_id="votePoll" permission_type="flag" interface_group_id="dbtechSocialPermissions" display_order="100"/>
  <permission permission_group_id="dbtechSocial" permission_id="warn" permission_type="flag" interface_group_id="dbtechSocialModeratorPermissions" display_order="220"/>
</permissions>