<?xml version="1.0" encoding="utf-8"?>
<routes>
  <route route_type="admin" route_prefix="dbtech-social" controller="DBTech\SocialGroups:IndexController" context="dbtechSocial"/>
  <route route_type="admin" route_prefix="dbtech-social" sub_name="containers" format="containers/:int&lt;node_id,title&gt;/" controller="DBTech\SocialGroups:ContainerController" context="nodes"/>
  <route route_type="admin" route_prefix="dbtech-social" sub_name="discussions/reply-bans" format="discussions/reply-bans/:int&lt;discussion_reply_ban_id&gt;/" controller="DBTech\SocialGroups:DiscussionController" context="dbtechSocialDiscReplyBans" action_prefix="replyBans"/>
  <route route_type="admin" route_prefix="dbtech-social" sub_name="groups" format="groups/:int&lt;group_id,title&gt;/" controller="DBTech\SocialGroups:GroupController" context="dbtechSocialGroups"/>
  <route route_type="admin" route_prefix="dbtech-social" sub_name="options" format="options/" controller="DBTech\SocialGroups:OptionsController"/>
  <route route_type="admin" route_prefix="permissions" sub_name="dbtech-social-groups" format="dbtech-social-groups/:int&lt;group_id,title&gt;/" controller="DBTech\SocialGroups:PermissionController" context="dbtSocSocialGroupPermissions" action_prefix="group"/>
  <route route_type="public" route_prefix="dbtech-social" format=":int&lt;group_id,title&gt;/:page" controller="DBTech\SocialGroups:GroupController" context="dbtechSocial"/>
  <route route_type="public" route_prefix="dbtech-social" sub_name="albums" format=":int&lt;group_id,title&gt;/albums/:+int&lt;album_id&gt;/:page" controller="DBTech\SocialGroups:GroupMediaController" context="dbtechSocial" action_prefix="Album"/>
  <route route_type="public" route_prefix="dbtech-social" sub_name="banned" format=":int&lt;group_id,title&gt;/banned/:page" controller="DBTech\SocialGroups:GroupController" context="dbtechSocial" action_prefix="banned"/>
  <route route_type="public" route_prefix="dbtech-social" sub_name="calendar" format=":int&lt;group_id,title&gt;/calendar/:int&lt;event_id&gt;/:page" controller="DBTech\SocialGroups:GroupCalendarController" context="dbtechSocial"/>
  <route route_type="public" route_prefix="dbtech-social" sub_name="discussions" format="discussions/:int&lt;discussion_id,title&gt;/:page" controller="DBTech\SocialGroups:DiscussionController" context="dbtechSocial"/>
  <route route_type="public" route_prefix="dbtech-social" sub_name="discussions/list" format=":int&lt;group_id,title&gt;/discussions/list/:page" controller="DBTech\SocialGroups:GroupController" context="dbtechSocial" action_prefix="discussions"/>
  <route route_type="public" route_prefix="dbtech-social" sub_name="discussions/message" format="discussions/message/:+int&lt;discussion_id,title&gt;/message-:+int_p&lt;message_id&gt;" controller="DBTech\SocialGroups:DiscussionController" context="dbtechSocial" action_prefix="message"/>
  <route route_type="public" route_prefix="dbtech-social" sub_name="invited" format=":int&lt;group_id,title&gt;/invited/:page" controller="DBTech\SocialGroups:GroupController" context="dbtechSocial" action_prefix="invited"/>
  <route route_type="public" route_prefix="dbtech-social" sub_name="media" format=":int&lt;group_id,title&gt;/media/:int&lt;media_id&gt;/:page" controller="DBTech\SocialGroups:GroupMediaController" context="dbtechSocial"/>
  <route route_type="public" route_prefix="dbtech-social" sub_name="members" format=":int&lt;group_id,title&gt;/members/:page" controller="DBTech\SocialGroups:GroupController" context="dbtechSocial" action_prefix="members"/>
  <route route_type="public" route_prefix="dbtech-social" sub_name="members/filter" format=":int&lt;group_id,title&gt;/members/filter/" controller="DBTech\SocialGroups:GroupController" context="dbtechSocial" action_prefix="MembersFilter"/>
  <route route_type="public" route_prefix="dbtech-social" sub_name="members/log" format=":int&lt;group_id,title&gt;/members/log/:page" controller="DBTech\SocialGroups:GroupController" context="dbtechSocial" action_prefix="MembersLog"/>
  <route route_type="public" route_prefix="dbtech-social" sub_name="memberships" format="memberships/:int&lt;user_id,username&gt;/" controller="DBTech\SocialGroups:MembershipsController" context="dbtechSocial"/>
  <route route_type="public" route_prefix="dbtech-social" sub_name="memberships/reject-invite" format="memberships/reject-invite/:int&lt;group_id,title&gt;/" controller="DBTech\SocialGroups:MembershipsController" context="dbtechSocial" action_prefix="RejectInvite"/>
  <route route_type="public" route_prefix="dbtech-social" sub_name="messages" format="messages/:int&lt;message_id&gt;/" controller="DBTech\SocialGroups:MessageController" context="dbtechSocial"/>
  <route route_type="public" route_prefix="dbtech-social" sub_name="sections" format="sections/:str_int&lt;section_name,section_id,title&gt;/:page" controller="DBTech\SocialGroups:SectionController" context="dbtechSocial"/>
  <route route_type="public" route_prefix="dbtech-social" sub_name="sections/add" format=":int&lt;group_id,title&gt;/sections/add/" controller="DBTech\SocialGroups:SectionController" context="dbtechSocial" action_prefix="Add"/>
  <route route_type="public" route_prefix="dbtech-social" sub_name="sections/delete" format=":int&lt;group_id,title&gt;/sections/delete/" controller="DBTech\SocialGroups:SectionController" context="dbtechSocial" action_prefix="Delete"/>
  <route route_type="public" route_prefix="dbtech-social" sub_name="sections/edit" format=":int&lt;group_id,title&gt;/sections/edit/" controller="DBTech\SocialGroups:SectionController" context="dbtechSocial" action_prefix="Edit"/>
  <route route_type="public" route_prefix="dbtech-social" sub_name="sections/manage" format=":int&lt;group_id,title&gt;/sections/manage/" controller="DBTech\SocialGroups:SectionController" context="dbtechSocial" action_prefix="Manage"/>
  <route route_type="public" route_prefix="dbtech-social" sub_name="sections/save" format=":int&lt;group_id,title&gt;/sections/save/" controller="DBTech\SocialGroups:SectionController" context="dbtechSocial" action_prefix="Save"/>
  <route route_type="public" route_prefix="whats-new" sub_name="dbtech-social-groups" format="dbtech-social-groups/:int&lt;find_new_id&gt;/:page" controller="DBTech\SocialGroups:WhatsNewGroupController" context="dbtechSocial"/>
  <route route_type="public" route_prefix="whats-new" sub_name="dbtech-social-messages" format="dbtech-social-messages/:int&lt;find_new_id&gt;/:page" controller="DBTech\SocialGroups:WhatsNewMessageController" context="dbtechSocial"/>
</routes>