<?xml version="1.0" encoding="utf-8"?>
<style_properties>
  <style_property property_name="dbtechSocialEnableInfiniteScroll" group_name="dbtechSocial" title="Enable Infinite Scroll" description="Toggles whether infinite scrolling is enabled for this style." property_type="value" value_type="boolean" has_variations="0" value_group="infiniteScroll" display_order="100">
    <value>1</value>
  </style_property>
  <style_property property_name="dbtechSocialGroupNavStyle" group_name="dbtechSocial" title="Social groups navigation style" description="This controls how the navigation is displayed in social groups." property_type="value" value_type="radio" has_variations="0" display_order="10">
    <value_parameters>tabs={{ phrase('tabs') }}
sidenav={{ phrase('side_navigation') }}</value_parameters>
    <value>"sidenav"</value>
  </style_property>
  <style_property property_name="dbtechSocialGroupsGroupListStyle" group_name="dbtechSocial" title="Social group list style" description="This only affects the main group list page overview." property_type="value" value_type="radio" has_variations="0" display_order="20">
    <value_parameters>grid={{ phrase('dbtech_social_groups_grid') }}
list={{ phrase('list') }}</value_parameters>
    <value>"grid"</value>
  </style_property>
  <style_property property_name="dbtechSocialGroupsIconBg" group_name="dbtechSocial" title="Group icon background color" description="The basic background of all group icons, graphical and generic" property_type="value" value_type="color" has_variations="0" value_group="groupIcons" display_order="1000">
    <value>"@xf-contentBg"</value>
  </style_property>
  <style_property property_name="dbtechSocialGroupsIconBorderRadius" group_name="dbtechSocial" title="Group icon border radius" description="Controls the size of the rounded corners on group icons - a sufficiently large value will make icons circular" property_type="value" value_type="unit" has_variations="0" value_group="groupIcons" display_order="1010">
    <value>"5%"</value>
  </style_property>
  <style_property property_name="dbtechSocialGroupsIconDefaultImage" group_name="dbtechSocial" title="Default group icon image URL" description="The image URL specified here will be used as the image within the default group icon. Only applies if the &quot;Image&quot; type is selected above." property_type="value" value_type="string" has_variations="0" value_group="groupIcons" display_order="1070">
    <value_parameters>asset=dbtechSocialGroupsDefaultIcons</value_parameters>
    <value>""</value>
  </style_property>
  <style_property property_name="dbtechSocialGroupsIconDefaultTextContent" group_name="dbtechSocial" title="Default group icon text" description="The character(s) specified here will be used as the text within the default group icon. Only applies if the &quot;Text&quot; type is selected above." property_type="value" value_type="string" has_variations="0" value_group="groupIcons" display_order="1060">
    <value>"?"</value>
  </style_property>
  <style_property property_name="dbtechSocialGroupsIconDefaultType" group_name="dbtechSocial" title="Default group icon type" description="Controls whether the default group icon is text or image based. Unless disabled in the options, default group icons will be dynamically generated based on the group owner's user name." property_type="value" value_type="radio" has_variations="0" value_group="groupIcons" display_order="1050">
    <value_parameters>text={{ phrase('text') }}
image={{ phrase('image') }}</value_parameters>
    <value>"text"</value>
  </style_property>
  <style_property property_name="dbtechSocialGroupsIconDynamicFont" group_name="dbtechSocial" title="Dynamic group icon font" description="For letter-based group icons, this is the font employed for the text" property_type="value" value_type="string" has_variations="0" value_group="groupIcons" display_order="1020">
    <value>"'Arial', sans-serif"</value>
  </style_property>
  <style_property property_name="dbtechSocialGroupsIconDynamicLineHeight" group_name="dbtechSocial" title="Dynamic group icon base line height" description="Use this to help vertically center a dynamic group icon character when changing the font. This will be scaled based on the font size percentage." property_type="value" value_type="number" has_variations="0" value_group="groupIcons" display_order="1040">
    <value_parameters>step=any</value_parameters>
    <value>"1.04"</value>
  </style_property>
  <style_property property_name="dbtechSocialGroupsIconDynamicTextPercent" group_name="dbtechSocial" title="Dynamic group icon text size (%)" description="Using a value between 0 and 100, this represents the approximate height of a dynamic group icon text character as a percentage of group icon." property_type="value" value_type="number" has_variations="0" value_group="groupIcons" display_order="1030">
    <value_parameters>min=0
max=100
step=1</value_parameters>
    <value>"60"</value>
  </style_property>
  <style_property property_name="dbtechSocialGroupsSectionIconReadColor" group_name="dbtechSocial" title="Read section icon color" description="When the content within a section has been read, its icon will revert to a less attention-grabbing color, defined here." property_type="value" value_type="color" has_variations="0" value_group="groupSections" display_order="2010">
    <value>"mix(@xf-paletteColor1, @xf-paletteColor2)"</value>
  </style_property>
  <style_property property_name="dbtechSocialGroupsSectionIconUnreadColor" group_name="dbtechSocial" title="Unread section icon color" description="Section icons give an at-a-glance indication of whether or not the content housed within the section has been read. The unread icon color should stand out from its background for quick identification." property_type="value" value_type="color" has_variations="0" value_group="groupSections" display_order="2000">
    <value>"mix(@xf-paletteAccent1, @xf-paletteAccent2)"</value>
  </style_property>
  <style_property property_name="dbtechSocialGroupsSectionListDescriptionDisplay" group_name="dbtechSocial" title="Sub-sections display style" description="Choose the style in which sub-sections will be displayed within a particular group, according to the amount of space you want them to occupy." property_type="value" value_type="radio" has_variations="0" value_group="groupSections" display_order="2030">
    <value_parameters>tooltip={{ phrase('tooltip') }}
inline={{ phrase('inline') }}
none={{ phrase('none') }}</value_parameters>
    <value>"tooltip"</value>
  </style_property>
  <style_property property_name="dbtechSocialGroupsSectionListSubDisplay" group_name="dbtechSocial" title="Sub-sections display style" description="Choose the style in which sub-sections will be displayed within a particular group, according to the amount of space you want them to occupy." property_type="value" value_type="radio" has_variations="0" value_group="groupSections" display_order="2020">
    <value_parameters>menu={{ phrase('popup_menu') }}
flat={{ phrase('dbtech_social_groups_listed_below_section') }}
none={{ phrase('none') }}</value_parameters>
    <value>"flat"</value>
  </style_property>
  <style_property property_name="dbtechSocialInfiniteScrollClick" group_name="dbtechSocial" title="Require click to load" description="Controls whether loading the next page happens automatically, or upon pressing a button." property_type="value" value_type="boolean" has_variations="0" depends_on="dbtechSocialEnableInfiniteScroll" value_group="infiniteScroll" display_order="200">
    <value>0</value>
  </style_property>
  <style_property property_name="dbtechSocialInfiniteScrollHistory" group_name="dbtechSocial" title="Append to browser history" description="If selected, new pages loaded will also update the browser's history." property_type="value" value_type="boolean" has_variations="0" depends_on="dbtechSocialEnableInfiniteScroll" value_group="infiniteScroll" display_order="400">
    <value>1</value>
  </style_property>
  <style_property property_name="dbtechSocialnfiniteScrollAfter" group_name="dbtechSocial" title="Only require click after X pages" description="If you want to require click only after a certain amount of pages have loaded, set this here.&lt;br /&gt;&#10;0 = Always require click" property_type="value" value_type="number" has_variations="0" depends_on="dbtechSocialInfiniteScrollClick" value_group="infiniteScroll" display_order="300">
    <value>0</value>
  </style_property>
</style_properties>