<?xml version="1.0" encoding="utf-8"?>
<template_modifications>
  <modification type="public" template="PAGE_CONTAINER" modification_key="dbtech_social_groups_PAGE_CONTAINER" description="Override lang/dir where necessary" execution_order="10" enabled="1" action="str_replace">
    <find><![CDATA[lang="{$xf.language.language_code}" dir="{$xf.language.text_direction}"]]></find>
    <replace><![CDATA[lang="{{ ($group && $group.language_code) ? $group.language_code : $xf.language.language_code }}" dir="{{ ($group && $group.text_direction) ? $group.text_direction : $xf.language.text_direction }}"]]></replace>
  </modification>
  <modification type="public" template="PAGE_CONTAINER" modification_key="dbtech_social_groups_copyright_footer_display" description="Copyright Footer" execution_order="10" enabled="1" action="str_replace">
    <find><![CDATA[<xf:copyright />]]></find>
    <replace><![CDATA[$0
				<xf:callback class="DBTech\SocialGroups\Template\Callback\Copyright" method="getCopyrightText"></xf:callback>]]></replace>
  </modification>
  <modification type="admin" template="app.less" modification_key="dbtech_social_groups_app_less" description="Append dbtech_social_groups_app.less to app.less" execution_order="10" enabled="1" action="preg_replace">
    <find><![CDATA[/$/]]></find>
    <replace><![CDATA[{{ include('dbtech_social_groups_app.less') }}]]></replace>
  </modification>
  <modification type="public" template="core.less" modification_key="dbtech_social_groups_core_less_append" description="Append dbtech_social_groups_core.less to core.less" execution_order="10" enabled="1" action="preg_replace">
    <find><![CDATA[/$/]]></find>
    <replace><![CDATA[{{ include('dbtech_social_groups_core.less') }}]]></replace>
  </modification>
  <modification type="admin" template="helper_criteria" modification_key="dbtech_social_groups_helper_criteria" description="Add the various SocialGroups criteria." execution_order="10" enabled="1" action="str_replace">
    <find><![CDATA[<!--[XF:user:after_content]-->]]></find>
    <replace><![CDATA[$0
			<xf:macro id="dbtech_social_groups_helper_criteria_macros::user_panes_after_content" arg-container="{$container}" arg-active="{$active}" arg-criteria="{$criteria}" arg-data="{$data}" />]]></replace>
  </modification>
  <modification type="admin" template="helper_user_search_criteria" modification_key="dbtech_social_groups_helper_user_search_criteria" description="Add search criteria" execution_order="10" enabled="1" action="str_replace">
    <find><![CDATA[<xf:checkboxrow name="criteria[user_state]" readonly="{$readOnly}"]]></find>
    <replace><![CDATA[<xf:include template="dbtech_social_groups_helper_user_search_criteria" />

$0]]></replace>
  </modification>
  <modification type="public" template="member_macros" modification_key="dbtech_social_groups_member_macros_group_count" description="Add the social group counts to member stats." execution_order="10" enabled="1" action="str_replace">
    <find><![CDATA[<!--[XF:stat_pairs:above_reactions]-->]]></find>
    <replace><![CDATA[<xf:macro id="dbtech_social_groups_member_macros::member_stat_pairs" arg-user="{$user}" arg-context="{$context}" />
	$0]]></replace>
  </modification>
  <modification type="public" template="member_view" modification_key="dbtech_social_groups_member_view_add_tab" description="Add the &quot;Groups&quot; tab." execution_order="10" enabled="1" action="str_replace">
    <find><![CDATA[<!--[XF:tabs:after_recent_content]-->]]></find>
    <replace><![CDATA[$0

				<xf:macro id="dbtech_social_groups_member_view_macros::tab" 
		 			  arg-user="{$user}" />]]></replace>
  </modification>
  <modification type="public" template="member_view" modification_key="dbtech_social_groups_member_view_add_tab_pane" description="Add the &quot;Groups&quot; tab pane." execution_order="10" enabled="1" action="str_replace">
    <find><![CDATA[<!--[XF:tab_panes:after_recent_content]-->]]></find>
    <replace><![CDATA[$0

	<xf:macro id="dbtech_social_groups_member_view_macros::tab_pane" 
 		  arg-user="{$user}" />]]></replace>
  </modification>
  <modification type="public" template="message_macros" modification_key="dbtech_social_groups_message_macros" description="Add group banners to user details where needed" execution_order="65535" enabled="1" action="preg_replace">
    <find><![CDATA[/<xf:userbanners.*\/>/isU]]></find>
    <replace><![CDATA[$0
			<xf:macro id="dbtech_social_groups_message_macros::user_details_extra"
				  arg-user="{$user}" />]]></replace>
  </modification>
  <modification type="public" template="setup.less" modification_key="dbtech_social_groups_setup_less_append" description="Append dbtech_social_groups_setup.less to setup.less" execution_order="10" enabled="1" action="preg_replace">
    <find><![CDATA[/$/]]></find>
    <replace><![CDATA[{{ include('dbtech_social_groups_setup.less') }}]]></replace>
  </modification>
  <modification type="public" template="thread_view" modification_key="dbtech_social_groups_thread_view" description="Add &quot;Import thread to social group&quot; link" execution_order="10" enabled="1" action="str_replace">
    <find><![CDATA[<xf:if is="$thread.canReplyBan()">]]></find>
    <replace><![CDATA[<xf:macro id="dbtech_social_groups_discussion_macros::thread_view_menu"
												  arg-thread="{$thread}" />
											$0]]></replace>
  </modification>
  <modification type="admin" template="tools_rebuild" modification_key="dbtech_social_groups_tools_rebuild" description="Append Social Groups rebuilds to the end of the rebuild caches system." execution_order="10" enabled="1" action="str_replace">
    <find><![CDATA[<!--[XF:rebuild_bottom]-->]]></find>
    <replace><![CDATA[$0
<xf:macro id="dbtech_social_groups_tools_rebuild_macros::rebuild_bottom" />]]></replace>
  </modification>
  <modification type="admin" template="tools_rebuild" modification_key="dbtech_social_groups_tools_rebuild_2" description="Append Social Groups metadata rebuilds" execution_order="10" enabled="1" action="str_replace">
    <find><![CDATA[<!--[XF:after_metadata]-->]]></find>
    <replace><![CDATA[$0
<xf:macro id="dbtech_social_groups_tools_rebuild_macros::after_metadata" />]]></replace>
  </modification>
  <modification type="admin" template="user_batch_update_confirm" modification_key="dbtech_social_groups_user_batch_update_confirm_1" description="Add social group transfer to batch update" execution_order="10" enabled="1" action="str_replace">
    <find><![CDATA[<xf:textboxrow name="actions[custom_title]"]]></find>
    <replace><![CDATA[<xf:macro id="dbtech_social_groups_user_batch_update_macros::confirm_update" />
			$0]]></replace>
  </modification>
  <modification type="admin" template="user_batch_update_confirm" modification_key="dbtech_social_groups_user_batch_update_confirm_2" description="Add social group transfer to batch delete" execution_order="10" enabled="1" action="preg_replace">
    <find><![CDATA[/<xf:option name="actions\[delete\]">.*<\/xf:checkboxrow>/isU]]></find>
    <replace><![CDATA[$0
			<xf:macro id="dbtech_social_groups_user_batch_update_macros::confirm_update" />]]></replace>
  </modification>
  <modification type="admin" template="user_delete" modification_key="dbtech_social_groups_user_delete_1" description="Add confirmation row" execution_order="10" enabled="1" action="str_replace">
    <find><![CDATA[<xf:if is="$user.is_super_admin">]]></find>
    <replace><![CDATA[<xf:macro id="dbtech_social_groups_user_delete_macros::group"
				  arg-user="{$user}" />
			$0]]></replace>
  </modification>
  <modification type="admin" template="user_delete" modification_key="dbtech_social_groups_user_delete_2" description="Add rowclass to submit row" execution_order="10" enabled="1" action="str_replace">
    <find><![CDATA[<xf:submitrow icon="delete"]]></find>
    <replace><![CDATA[$0 rowclass="js-submitDisable"]]></replace>
  </modification>
  <modification type="public" template="whats_new_wrapper" modification_key="dbtech_social_groups_whats_new_wrapper_link" description="Add the &quot;new messages&quot; and &quot;new groups&quot; link to what's new pages." execution_order="10" enabled="1" action="str_replace">
    <find><![CDATA[<!--[XF:links:after_thread]-->]]></find>
    <replace><![CDATA[$0
	<xf:if is="callable($xf.visitor, 'canViewDbtechSocialGroups') && $xf.visitor.canViewDbtechSocialGroups()">
		<a class="{$baseClass} {{ $pageSelected == 'new_dbtech_social_group' ? {$selectedClass} : '' }}" href="{{ link('whats-new/dbtech-social-groups') }}" rel="nofollow">{{ phrase('dbtech_social_groups_new_social_groups') }}</a>
		<a class="{$baseClass} {{ $pageSelected == 'new_dbtech_social_discussion' ? {$selectedClass} : '' }}" href="{{ link('whats-new/dbtech-social-messages') }}" rel="nofollow">{{ phrase('dbtech_social_groups_new_social_group_messages') }}</a>
	</xf:if>]]></replace>
  </modification>
  <modification type="public" template="xfmg_album_view" modification_key="dbtech_social_groups_xfmg_album_view" description="Restore h1 when necessary" execution_order="10" enabled="1" action="str_replace">
    <find><![CDATA[<xf:h1 hidden="true" />]]></find>
    <replace><![CDATA[<xf:if is="$group is empty">$0</xf:if>]]></replace>
  </modification>
  <modification type="public" template="xfmg_album_view" modification_key="dbtech_social_groups_xfmg_album_view_2" description="Add &quot;Unlink album&quot; where necessary" execution_order="10" enabled="1" action="str_replace">
    <find><![CDATA[<!--[XF:album_tools_menu:before_footer]-->]]></find>
    <replace><![CDATA[<xf:macro id="dbtech_social_groups_group_media_macros::unlink" arg-group="{$group}" arg-album="{$album}" />
													$0]]></replace>
  </modification>
  <modification type="public" template="xfmg_album_view" modification_key="dbtech_social_groups_xfmg_album_view_3" description="Update privacy phrase where necessary" execution_order="10" enabled="1" action="str_replace">
    <find><![CDATA[$album.getPrivacyPhrase($album.view_privacy)]]></find>
    <replace><![CDATA[$album.getPrivacyPhrase($album.getDbtechSocialGroupsViewPrivacyPhraseValue())]]></replace>
  </modification>
  <modification type="public" template="xfmg_media_add_macros" modification_key="dbtech_social_groups_xfmg_media_add_macros_1" description="Add social group argument to add_form" execution_order="10" enabled="1" action="str_replace">
    <find><![CDATA[arg-allowCreateAlbum="{{ false }}"]]></find>
    <replace><![CDATA[arg-dbtechSocialGroup="{{ null }}"
	$0]]></replace>
  </modification>
  <modification type="public" template="xfmg_media_add_macros" modification_key="dbtech_social_groups_xfmg_media_add_macros_2" description="Add social group ID to add_form" execution_order="10" enabled="1" action="str_replace">
    <find><![CDATA[<xf:hiddenval name="album_id">0</xf:hiddenval>]]></find>
    <replace><![CDATA[<xf:if is="$dbtechSocialGroup is not empty">
				<xf:hiddenval name="dbtech_social_group_id">{$dbtechSocialGroup.group_id}</xf:hiddenval>
			</xf:if>
			$0]]></replace>
  </modification>
  <modification type="public" template="xfmg_media_add_macros" modification_key="dbtech_social_groups_xfmg_media_add_macros_3" description="Add group_id param to on-insert link" execution_order="10" enabled="1" action="str_replace">
    <find><![CDATA[data-link-data="{{ {'name_prefix': $namePrefix]]></find>
    <replace><![CDATA[$0, 'dbtech_social_group_id': $dbtechSocialGroup ? $dbtechSocialGroup.group_id : null]]></replace>
  </modification>
  <modification type="public" template="xfmg_media_add_macros" modification_key="dbtech_social_groups_xfmg_media_add_macros_4" description="Add social group argument to added_media_template call" execution_order="10" enabled="1" action="str_replace">
    <find><![CDATA[<xf:macro id="added_media_template" arg-album="{$album}"]]></find>
    <replace><![CDATA[$0 arg-dbtechSocialGroup="{$dbtechSocialGroup}"]]></replace>
  </modification>
  <modification type="public" template="xfmg_media_add_macros" modification_key="dbtech_social_groups_xfmg_media_add_macros_5" description="Add social group argument to added_media_template" execution_order="10" enabled="1" action="str_replace">
    <find><![CDATA[<xf:macro id="added_media_template" arg-album=""]]></find>
    <replace><![CDATA[$0 arg-dbtechSocialGroup="{{ null }}"]]></replace>
  </modification>
  <modification type="public" template="xfmg_media_filters" modification_key="dbtech_social_groups_xfmg_media_filters" description="Add group_id param where necessary" execution_order="10" enabled="1" action="str_replace">
    <find><![CDATA[{$commentPage}</xf:hiddenval>]]></find>
    <replace><![CDATA[$0
	<xf:hiddenval name="dbtech_social_group_id">{$dbtechSocialGroupId}</xf:hiddenval>]]></replace>
  </modification>
  <modification type="public" template="xfmg_media_view" modification_key="dbtech_social_groups_xfmg_media_view" description="Restore h1 when necessary" execution_order="10" enabled="1" action="str_replace">
    <find><![CDATA[<xf:h1 hidden="true" />]]></find>
    <replace><![CDATA[<xf:if is="$group is empty">$0</xf:if>]]></replace>
  </modification>
</template_modifications>