<?xml version="1.0" encoding="utf-8"?>
<widget_positions>
  <widget_position position_id="dbtech_social_discussion_view_above_messages" active="1"/>
  <widget_position position_id="dbtech_social_discussion_view_below_messages" active="1"/>
  <widget_position position_id="dbtech_social_discussion_view_below_quick_reply" active="1"/>
  <widget_position position_id="dbtech_social_discussion_view_sidebar" active="1"/>
  <widget_position position_id="dbtech_social_group_list_above_groups" active="1"/>
  <widget_position position_id="dbtech_social_group_list_below_groups" active="1"/>
  <widget_position position_id="dbtech_social_group_list_sidebar" active="1"/>
  <widget_position position_id="dbtech_social_group_list_sidenav" active="1"/>
  <widget_position position_id="dbtech_social_group_overview" active="1"/>
  <widget_position position_id="dbtech_social_group_view_sidebar" active="1"/>
  <widget_position position_id="dbtech_social_group_view_sidenav" active="1"/>
</widget_positions>