<?xml version="1.0" encoding="utf-8"?>
<widget_definitions>
  <widget_definition definition_id="dbt_soc_featured_groups" definition_class="DBTech\SocialGroups\Widget\FeaturedGroups"/>
  <widget_definition definition_id="dbt_soc_group_statistics" definition_class="DBTech\SocialGroups\Widget\GroupStatistics"/>
  <widget_definition definition_id="dbt_soc_joined_groups" definition_class="DBTech\SocialGroups\Widget\OwnedGroups"/>
  <widget_definition definition_id="dbt_soc_limits" definition_class="DBTech\SocialGroups\Widget\Limits"/>
  <widget_definition definition_id="dbt_soc_new_groups" definition_class="DBTech\SocialGroups\Widget\NewGroups"/>
  <widget_definition definition_id="dbt_soc_new_media" definition_class="DBTech\SocialGroups\Widget\NewestMedia"/>
  <widget_definition definition_id="dbt_soc_new_members" definition_class="DBTech\SocialGroups\Widget\NewestMembers"/>
  <widget_definition definition_id="dbt_soc_new_messages" definition_class="DBTech\SocialGroups\Widget\NewMessages"/>
  <widget_definition definition_id="dbt_soc_owned_groups" definition_class="DBTech\SocialGroups\Widget\OwnedGroups"/>
  <widget_definition definition_id="dbt_soc_random_groups" definition_class="DBTech\SocialGroups\Widget\RandomGroups"/>
  <widget_definition definition_id="dbt_soc_related_threads" definition_class="DBTech\SocialGroups\Widget\GroupRelatedThreads"/>
  <widget_definition definition_id="dbt_soc_supervisors" definition_class="DBTech\SocialGroups\Widget\GroupSupervisors"/>
  <widget_definition definition_id="dbt_soc_tag_cloud" definition_class="DBTech\SocialGroups\Widget\TagCloud"/>
</widget_definitions>