{
    "legacy_addon_id": "",
    "title": "DragonByte Social Groups",
    "description": "Create private or public social groups from within your forum.",
    "version_id": 2050070,
    "version_string": "2.5.0",
    "dev": "DragonByte Technologies",
    "dev_url": "https://www.dragonbyte-tech.com",
    "faq_url": "",
    "support_url": "https://www.dragonbyte-tech.com/support/create-ticket",
    "extra_urls": {
        "Product Information": "https://www.dragonbyte-tech.com/store/dragonbyte-social-groups.414/",
        "Bluesky": "https://bsky.app/profile/dragonbyte-tech.com"
    },
    "require": {
        "XF": [
            2030070,
            "XenForo 2.3.0+"
        ],
        "php": [
            "8.0.0",
            "PHP 8.0.0+"
        ]
    },
    "icon": "icon.png",
    "require-soft": {
        "php": [
            "8.2.0",
            "PHP 8.2.0+",
            false
        ],
        "DBTech/WebP": [
            1000031,
            "DragonByte WebP v1.0.0+"
        ],
        "NF/Calendar": [
            2060070,
            "Calendar v2.6.0+"
        ]
    }
}