{
    "js/DBTech/SocialGroups/banner.js": "df0236a11971ee67680f0afe4bdbb42d6e8cfefdd3e0042497e022a0001fe865",
    "js/DBTech/SocialGroups/banner.min.js": "3d0bcebeaeff529e064ee83df9685ceebf0bb69254ef53ccc8b3184ef27c41ee",
    "js/DBTech/SocialGroups/discussion.js": "d5ab1c6ea8b38b77a36cdd91fa10c3f0588a8baf05024f64ebfb3abe18522092",
    "js/DBTech/SocialGroups/discussion.min.js": "0bbf5e8906c47fe5753c8b07f73bf98cbe10f16e6b302dd7b4a68312cc9698a8",
    "js/DBTech/SocialGroups/group_autocomplete.js": "698c645a2b4b534740ef89051547efedabd9c3e7e4a6e92f8bd033987a49b8d6",
    "js/DBTech/SocialGroups/group_autocomplete.min.js": "0ab942bd640290bd76e03a44c9e9fdc66a69d23055a25c82426a7da3281ec9f3",
    "js/DBTech/SocialGroups/group_list.js": "b44cd1ab7b478d8825769378baa7b81f070da2f45fc6c681321eebc7f303383a",
    "js/DBTech/SocialGroups/group_list.min.js": "eed5a1748fbcd9fc343a8098006161890a7b64659861422c96d1980255c35a91",
    "js/DBTech/SocialGroups/icon.js": "32d637b97012b000d1b50a72605b67b882ec3d4f202cdba0dfb3a48fe2c6c714",
    "js/DBTech/SocialGroups/icon.min.js": "dc241ac7c04f33ea4cced3a732386838c8fb9c4a010314bbe2f7bad6e09538dd",
    "js/DBTech/SocialGroups/message.js": "758955b56a1b68b72f3ec13c215e96207b6328e25a49d67319e1cde01f7e1b8a",
    "js/DBTech/SocialGroups/message.min.js": "765d74af0ab60eef76c0582c78f074179e5922e181a10a04505aff17cd204761",
    "js/DBTech/SocialGroups/section_loader.js": "b5a545d0d161f5e0224a8c9399a6ac03b0d12af1e05191d378fc4f5edff01294",
    "js/DBTech/SocialGroups/section_loader.min.js": "d948a0264df8f00bf9ae09edb00538b8ba9c2b4dc25433d6de4dd0569dc50471",
    "js/DBTech/SocialGroups/vendor/metafizzy/infinite-scroll/infinite-scroll.pkgd.js": "f2b6381d7ecd030cf02a27305cdfa439b6155b2d8f6af3681f701da4ba17ca4b",
    "js/DBTech/SocialGroups/vendor/metafizzy/infinite-scroll/infinite-scroll.pkgd.min.js": "68ba207b23e8ef68d23df6685511e91ff67e71e3807d5468e2ace9191ff3ee49",
    "src/addons/DBTech/SocialGroups/ActivityLog/DiscussionHandler.php": "1b22e93846464611637998cdc376b108d016e0ed921ffffee9d3c6789be39af4",
    "src/addons/DBTech/SocialGroups/ActivityLog/MessageHandler.php": "1335ebf2857b9463889563ab99533bc1cb72c91b594799f079ea13724c17dd70",
    "src/addons/DBTech/SocialGroups/addon.json": "33c15a810ec8bdc6b5703065456226080ff3ccbf096f05b6e21cb04393c0ae62",
    "src/addons/DBTech/SocialGroups/Admin/Controller/ContainerController.php": "28b0357dc2bba64f28b6a766e8ac1647eb5dbcf8640aa66d8f2c388a6a08293f",
    "src/addons/DBTech/SocialGroups/Admin/Controller/DiscussionController.php": "0a9a200ef0f2e6b99b5f30ee372c3df290ce20bd1f9ea09bfae60000a4002f68",
    "src/addons/DBTech/SocialGroups/Admin/Controller/GroupController.php": "c54f20be58b2f044c4298e5e28107b87b23f2ad17dd94983e8163a269df91435",
    "src/addons/DBTech/SocialGroups/Admin/Controller/IndexController.php": "0daf3a16a60b54a65b7e8a0902f5e1f4e42638ee97964da35be75a4c355baa3a",
    "src/addons/DBTech/SocialGroups/Admin/Controller/OptionsController.php": "2a9c9d400d15fe6a0446d24574d123fcad7bec4a7e6b150de4ca476143329cf4",
    "src/addons/DBTech/SocialGroups/Admin/Controller/PermissionController.php": "cd32dc95141155c9e3ee4d056f6ed11889fab9efa29cd78d3ffeb53476c43144",
    "src/addons/DBTech/SocialGroups/Admin/View/Delete/StateView.php": "18a10ebe49efcb471f0f7e141cf2b20091f4226c7117f65b833509a73d56fdbd",
    "src/addons/DBTech/SocialGroups/Admin/View/Discussion/ReplyBan/ListingView.php": "60e4a513d4dffe83cbffe0ac93331bc637067428238bbc1f13b9642f0c5c3e55",
    "src/addons/DBTech/SocialGroups/Admin/View/Group/EditView.php": "d942966df07b9e15136d5d7b616877b3b191f7999e4d9c8ffc64bd3df9a76920",
    "src/addons/DBTech/SocialGroups/Admin/View/Group/FindView.php": "dbf3ccc573704e77bb48eb4a0159aabf23bae5f3cd49bdd17b889cacf105cd8c",
    "src/addons/DBTech/SocialGroups/Admin/View/Group/ListingView.php": "809df38c2a78078303c08889b59b179284e1364463bf8aec51b618ea928fbb18",
    "src/addons/DBTech/SocialGroups/Admin/View/Group/ReassignView.php": "9608d863d39fd375220181d7ed4a418bd48d915fd4fd76cf1805b36819ae72a2",
    "src/addons/DBTech/SocialGroups/Admin/View/IndexView.php": "952350420f27ca547d4d9fda9851e8dac1601d74c80a3ad2f579255079538673",
    "src/addons/DBTech/SocialGroups/Admin/View/MaintenanceView.php": "aa1b2f23562a177535fc8f5296b7339c1fe5ceb2572a782e84e0a3e93310e386",
    "src/addons/DBTech/SocialGroups/Admin/View/Options/DefaultPermissionsView.php": "8a73ad5360307c8bc364a3a39549768659ddae3e8fa6db65c6d07919e1187efc",
    "src/addons/DBTech/SocialGroups/Admin/View/Permission/GroupOverviewView.php": "286fa4b1883f14d3579970c72db8ed4e10f4d7111821e9904caf79e609ae6095",
    "src/addons/DBTech/SocialGroups/Admin/View/Section/DeleteView.php": "498daf4f3abb36ff757e6fa6ca2407be4f688cce37c6d9b962686321cf3a21fe",
    "src/addons/DBTech/SocialGroups/Admin/View/Section/EditView.php": "ba822dd6d9e0a6ba23a3a961f71c39a2c56f12afbfc99d2bdae30fad83f93bc4",
    "src/addons/DBTech/SocialGroups/Admin/View/Section/ListingView.php": "33933339635d88939929bc94bd51d1de798162f502b9865adf80bcb91a4cbea8",
    "src/addons/DBTech/SocialGroups/Admin/View/Section/SortView.php": "706f43ee959c5d11621a1fe88b47034c404a6d670f34dee1c629affbc2e2b2c1",
    "src/addons/DBTech/SocialGroups/Alert/DiscussionHandler.php": "2213991713e09b625672587ebb8a26b37dcf2e63f934af71f384c70b9cae7ab4",
    "src/addons/DBTech/SocialGroups/Alert/InviteHandler.php": "8ac37cc0191122ef88db96cb9b228b7507e53b8aad76979715d24d8552feb2c8",
    "src/addons/DBTech/SocialGroups/Alert/MemberHandler.php": "28e4eebd85040463f2964a152c9848ca887b22d477173b6befad8c6e699b2a40",
    "src/addons/DBTech/SocialGroups/Alert/MessageHandler.php": "23f53fcff14ffdb9412707cebd8eb54ace0c2f58257e155335a2309aa165d960",
    "src/addons/DBTech/SocialGroups/ApprovalQueue/DiscussionHandler.php": "5704a840aa4e8fdb469f20ff0ae17f4179831c098c45655b9e15c5e2c7fe2f53",
    "src/addons/DBTech/SocialGroups/ApprovalQueue/GroupHandler.php": "ff85f53c945f7a39e89e7d999dbe5d7c1062783b458ec0291d5a74d7d2d18b11",
    "src/addons/DBTech/SocialGroups/ApprovalQueue/GroupMemberHandler.php": "23608d98c3b1ac0fba5636f5e59d4cd872968dff56baaab17a38650cb7f2bb1e",
    "src/addons/DBTech/SocialGroups/ApprovalQueue/MessageHandler.php": "abb5ed9ed49a32854d3f439488111c03fff4346a68a586ef15594380994ee907",
    "src/addons/DBTech/SocialGroups/Attachment/MessageHandler.php": "0216b4ce5aced0c477a29b577c3499c8d6404550b338b547e3f4926ef596bfec",
    "src/addons/DBTech/SocialGroups/BbCode/Group.php": "9159082f9edb8bbc2d3ac5b0fc287e1fbbdbb0df052cbf5ac21ea87de2c33f47",
    "src/addons/DBTech/SocialGroups/Bookmark/GroupHandler.php": "db4bdd13ad60d7588fd7ce633d4766fdf6f40a101411a3f42a850131c594d140",
    "src/addons/DBTech/SocialGroups/Bookmark/MessageHandler.php": "f931f978e800210a4afa52d0adea91bba9ac76afd314f37f3876cdbe01bc6e88",
    "src/addons/DBTech/SocialGroups/Bookmark/SectionHandler.php": "633a10ac99609962a4150f4d626937e20d7e339c81c5c2a73bb63f1d809e6aff",
    "src/addons/DBTech/SocialGroups/CalendarType/SocialGroupHandler.php": "f382d998c597b87ec5640fd7dbb937eb73987796d72eddd79991a2414cc2f788",
    "src/addons/DBTech/SocialGroups/Cli/Command/Seed/SeedSocialGroupDiscussion.php": "4eb8789c988fe27a33e728332d2271aeaa56fb31ab6c44923d1950aafdc4227f",
    "src/addons/DBTech/SocialGroups/Cli/Command/Seed/SeedSocialGroupGroup.php": "8e955a4a3de4082a291833065e7b233dbe697f953ccc165975d87d7fd0c788f8",
    "src/addons/DBTech/SocialGroups/Cli/Command/Seed/SeedSocialGroupGroupBan.php": "f8e8a73b346a7df52792c6134375b3fe21a07a0a528986401e548832b8d2de48",
    "src/addons/DBTech/SocialGroups/Cli/Command/Seed/SeedSocialGroupMember.php": "e6f0dcba10cc91ce485032a45040b691ca38ee322881453927206ae1a1063f64",
    "src/addons/DBTech/SocialGroups/Cli/Command/Seed/SeedSocialGroupMessage.php": "cfd67d9d020f445a095a377675c11536b76e3d57db3cdfac01506c9f743e7ed6",
    "src/addons/DBTech/SocialGroups/Cli/Command/Seed/SeedSocialGroupMessageReaction.php": "5b183ab31b25f723da36643309d5fa5d128b85dfc0f1ec8f79e0fb38687a08e0",
    "src/addons/DBTech/SocialGroups/Cli/Command/Seed/SeedSocialGroupSupervisor.php": "bca979e8db3ab3591492418abc263d049edc367287d8f6fc5e928b895a4bee3b",
    "src/addons/DBTech/SocialGroups/ContentVote/DiscussionHandler.php": "d86c7e0a8417850d5228c7774cafbc63a75819ee6ab1db4ce03ef58d19039e41",
    "src/addons/DBTech/SocialGroups/ContentVote/MessageHandler.php": "e369b8b97b0e1c2b452ef0be32dbd372a1916129811ae136221be9838bd2a7bd",
    "src/addons/DBTech/SocialGroups/ControllerPlugin/DeletePlugin.php": "ce89f26066e5a24af2145b2d6b7cfa257b3b9da95a90e6689dea928606e5348f",
    "src/addons/DBTech/SocialGroups/ControllerPlugin/DiscussionPlugin.php": "24e58a937906296b446d987f4b6c0a5e58501374b3d95318e9733393a5c5a960",
    "src/addons/DBTech/SocialGroups/ControllerPlugin/GroupInvitePlugin.php": "7e7af21ee142787d6fde8a7b74ec86680f7b75d478d0df683abd5d599f626597",
    "src/addons/DBTech/SocialGroups/ControllerPlugin/GroupMemberPlugin.php": "bf66b4b35f8c4a7afcdd01722657981a241002c0082236af4d792632374ef7cb",
    "src/addons/DBTech/SocialGroups/ControllerPlugin/GroupPermissionPlugin.php": "5def796ef275d4a6ebdda510b952920b4e20f4fab5f002eb34c8c10b40200e5d",
    "src/addons/DBTech/SocialGroups/ControllerPlugin/GroupPlugin.php": "0bd65d159aadcc3f2ff28c8332f008d0dda5bad453a9d3e6819010dd11069829",
    "src/addons/DBTech/SocialGroups/ControllerPlugin/SectionPlugin.php": "91fdeaf7096c324bbbf9326ed4e3f63382ae50f28b7ef9d753fd976737420ab9",
    "src/addons/DBTech/SocialGroups/ControllerPlugin/TermsPlugin.php": "411583c3db29558267a9ff27c7ff3d89c089ec16203742725672757dcedf0b90",
    "src/addons/DBTech/SocialGroups/Cron/Ban.php": "0901911b462aefa692066520972557c1570352929dd02c19828dbdf78682adc6",
    "src/addons/DBTech/SocialGroups/Cron/CleanUp.php": "803aaada40a56ecbeb8b2a031b2757a57de009f0eaded07dab54285928bef0ec",
    "src/addons/DBTech/SocialGroups/Cron/Views.php": "fa162c77e596d2309c08fea825377d3c5a2f2123046b8b91faff00fcbe23c36b",
    "src/addons/DBTech/SocialGroups/EditHistory/MessageHandler.php": "7344e9136bcab4a962e6b76209810ee2635b9eb81412c1f7c84f5ec95989028c",
    "src/addons/DBTech/SocialGroups/EmailStop/DiscussionHandler.php": "fea6c1c8957830fda0014f7f034f8c16bc4f6c164df66789453d2aafc9c640f1",
    "src/addons/DBTech/SocialGroups/EmailStop/GroupHandler.php": "1b037e04bcd4511850b76ced386cc5bdc32750f6d2b17f297feec6db23fd624b",
    "src/addons/DBTech/SocialGroups/EmbedResolver/DiscussionHandler.php": "f5ac0ab8890c7c99a6123e839ef04cc5c2c7fe30d7ef7b30c1693e6a0d987ef5",
    "src/addons/DBTech/SocialGroups/EmbedResolver/GroupHandler.php": "e15af9281c45eb8e244c1ddbc50cbaf8b72ad1ebe426afaf2983ee573243c4d3",
    "src/addons/DBTech/SocialGroups/EmbedResolver/MessageHandler.php": "3c8454a088da02c21456d68d759235da752d5575bce734f671e39485c13b95dd",
    "src/addons/DBTech/SocialGroups/Entity/Container.php": "5c3ad30364b92071d7557a8cf4abab5199cee014c99ead79ed28585929780251",
    "src/addons/DBTech/SocialGroups/Entity/Discussion.php": "2e3fa88c3eea111a7c6a2e2e8f559707fa75d7d6db2304e10e73a1153123a160",
    "src/addons/DBTech/SocialGroups/Entity/DiscussionRead.php": "5180b1a96416fe332e92cfe310eb3579954fc3d78db091b4becbefd9bfd0cc39",
    "src/addons/DBTech/SocialGroups/Entity/DiscussionReplyBan.php": "fbd0aa64d99d4188a9b7485f05837044ac8539c5d28c08a1b3015534ca54bb9e",
    "src/addons/DBTech/SocialGroups/Entity/DiscussionUserMessage.php": "33b1b0eae92e80342dad600ffc26ec5583b713865f7eb46477ecc1e73d5f5eb6",
    "src/addons/DBTech/SocialGroups/Entity/DiscussionWatch.php": "cd42687dfac3b3a938bec1fa0e590ebf30de9d4d9447a0b704499285b1efc24a",
    "src/addons/DBTech/SocialGroups/Entity/Group.php": "021e9801b7ac6a3d4d00f32d30685a9b07601e5602b6bb0616ef92c736337d6c",
    "src/addons/DBTech/SocialGroups/Entity/GroupAlbum.php": "768fd37265ed778ae35ebdeed3ec88e1ea92c78ec555ea6826055e6f537f6df1",
    "src/addons/DBTech/SocialGroups/Entity/GroupBan.php": "f4796171c8a93b5a43bfea3ac0658dd44306523a5360d9590806e67d1e9b0b78",
    "src/addons/DBTech/SocialGroups/Entity/GroupInvite.php": "6bfbdecaa503f9f2480a1a589c85b74b5d0849dfd248cf3e8d8851a132e34354",
    "src/addons/DBTech/SocialGroups/Entity/GroupMember.php": "407f544f5b4fdcfcb7190d56a98ed05eafca1eef3f1a13b4f6a35fda509404b9",
    "src/addons/DBTech/SocialGroups/Entity/GroupMemberLog.php": "702657ef3b0b0965ae0d1fe7b348652663cbd5113f9da73a4026fd082dedbad1",
    "src/addons/DBTech/SocialGroups/Entity/GroupRead.php": "f8648054c71fd38ff0ea3d7945b8961c6dac357fa016a40bb08daecbc9712acc",
    "src/addons/DBTech/SocialGroups/Entity/GroupView.php": "0490cd1658228ee8c1734434556fbbabf39438ea5c33997f5442a4c471ee6085",
    "src/addons/DBTech/SocialGroups/Entity/GroupWatch.php": "b1e91d2d4e94cda9f9bc11201cd02f8c3b4eef9fb88a6f26039503301225cdce",
    "src/addons/DBTech/SocialGroups/Entity/Message.php": "f9e2e09210200bbfce0e85b40ee0deb4109d8781063e5a2bacc7c4da39a2a0c2",
    "src/addons/DBTech/SocialGroups/Entity/RelatedThread.php": "690af83a5c6545c05b996415044aacde4423dc15d82ffad4fb5d27677b8cc5e3",
    "src/addons/DBTech/SocialGroups/Entity/Section.php": "0a6adc8ce8f2248e76b393b6007fbe39a6092aedee576f99a8a994ba80bda190",
    "src/addons/DBTech/SocialGroups/Entity/SectionRead.php": "8ac7f698af66951cdd5bd7dc0f15501fc6dfdf3cf5966b1b307b22820f1e579d",
    "src/addons/DBTech/SocialGroups/Entity/SectionWatch.php": "7b94b8d8afa78cf19cf71570b4f1e5f6befcf0f73e1a36634bd1990ce27be2fe",
    "src/addons/DBTech/SocialGroups/EventType/SocialGroupHandler.php": "78ed1e20574f1cce15e2f3a04ab964ad6d1f525675a8dadea79bcac38e15f1cd",
    "src/addons/DBTech/SocialGroups/FeaturedContent/GroupHandler.php": "241193633cef963e38d9f75f3402dcdf19b40bd06cbfe3632d59940d27dae068",
    "src/addons/DBTech/SocialGroups/Filterer/GroupMemberFilterer.php": "6b03225993ad5eaca11323c6710556125b5afb7b332e360692513ca939ae71bd",
    "src/addons/DBTech/SocialGroups/Finder/ContainerFinder.php": "5f7e00b14f0c0e22fe90b4e7ad401fdc073079af54fd24de323567a472680cd4",
    "src/addons/DBTech/SocialGroups/Finder/DiscussionFinder.php": "eefc85705469e8aba3ffff406ae4375989c7b3ebb47504abd722feeb65e51526",
    "src/addons/DBTech/SocialGroups/Finder/DiscussionReadFinder.php": "f8c892b23a5a53450f8fe5e3ed03a43dd53ca343a448d3b83f2dc2c8d3395fab",
    "src/addons/DBTech/SocialGroups/Finder/DiscussionReplyBanFinder.php": "cbf0d5eea7e563a1930fbefed69009facf18ce8883fdfac65b38a2049fec1185",
    "src/addons/DBTech/SocialGroups/Finder/DiscussionUserMessageFinder.php": "aa6666d1f4f92706bb6df483c811ef8a5be6860b1fa919b2141344b3efa60b3b",
    "src/addons/DBTech/SocialGroups/Finder/DiscussionWatchFinder.php": "c82ada2763bf7b4a629e08e86afa5b6a4714bea1146c32804c32d2f39ec1ef09",
    "src/addons/DBTech/SocialGroups/Finder/GroupAlbumFinder.php": "0f02e9d389cfeebcc8406e158110f5c110a2d5681d098aa86a67a20c317d20bf",
    "src/addons/DBTech/SocialGroups/Finder/GroupBanFinder.php": "a13db5d339bf25469de25d4e232fdff65fe0af2c11adcf395b1d261a7440d0fd",
    "src/addons/DBTech/SocialGroups/Finder/GroupFinder.php": "c76aad16083c968b188204e7d391de7f9c9f92dd6858fd88997d7e544a767d2c",
    "src/addons/DBTech/SocialGroups/Finder/GroupInviteFinder.php": "db11f21430e8028ac735aaef62bca8bfcd5abdefcdc61d951055f290cb0e6fd4",
    "src/addons/DBTech/SocialGroups/Finder/GroupMemberFinder.php": "12ca38da368032db968c5f17430a71d22282ce9a2c2076e5d2c3aaac4dedd104",
    "src/addons/DBTech/SocialGroups/Finder/GroupMemberLogFinder.php": "8dc8a4b97389696037c432e0e0af79ffcc74caf29432228264404586db1fd8ab",
    "src/addons/DBTech/SocialGroups/Finder/GroupReadFinder.php": "90fde51c8795c3df6f0a5619db3a9ac32daf84324c86d13b7cb651f28b3d6f54",
    "src/addons/DBTech/SocialGroups/Finder/GroupViewFinder.php": "2be7b1b69b440e2ae953d7a93f72e3fe6f62b3012a0ba66f813260a5a9b55b7a",
    "src/addons/DBTech/SocialGroups/Finder/GroupWatchFinder.php": "a6711244cd8565b3c119c0bf5e7867465a81483020933a2af450fd8eebb5c808",
    "src/addons/DBTech/SocialGroups/Finder/MessageFinder.php": "2ff901233502177accec6aa3cda995fab6ff45b0618de5f89721625861149075",
    "src/addons/DBTech/SocialGroups/Finder/RelatedThreadFinder.php": "7bd2f49c933a71a9170bd314a79032ff001c590887b4d5d9ae8f93b45fe1e759",
    "src/addons/DBTech/SocialGroups/Finder/SectionFinder.php": "e520d133ea9b2c6b2116d74383b5f522eedad040803f7e8c55500e1dab0597dd",
    "src/addons/DBTech/SocialGroups/Finder/SectionReadFinder.php": "65e8c413bf2f3faedd5830e76d6e7f839e1cb0ad4734a4d5b9fff73773bcf4b1",
    "src/addons/DBTech/SocialGroups/Finder/SectionWatchFinder.php": "00e3fe41c69a78c0485e7a92f0c83513f946112de98e38f678dc7d5856176fe1",
    "src/addons/DBTech/SocialGroups/FindNew/DiscussionHandler.php": "577616d2257e84af41969295ebf7bb9ce112769c47ddbc9c3de4b3f2fc4bc355",
    "src/addons/DBTech/SocialGroups/FindNew/GroupHandler.php": "a69c49b6211c7861212eb4c7c1b1ea03a18479e3332e923603224bca110ad654",
    "src/addons/DBTech/SocialGroups/GroupMemberLog/Logger.php": "6e316b9c22e40fd6834c46b9cf2bebe856eb5fa341692e6fda7215da014a06d0",
    "src/addons/DBTech/SocialGroups/icon.png": "d81f3488fef2d95337832ab21092a1fb8cccdb448b291255cee5348ef4e8d6db",
    "src/addons/DBTech/SocialGroups/Import/Data/Comment.php": "90b3eef115a81fe29dfe65ae843c0586e4ec0791e68d46c19d5959c303229d03",
    "src/addons/DBTech/SocialGroups/Import/Data/CommentReply.php": "2c029eabfe3ad00eab0c5e9b1b200a0f7b5b9517108376bdb468b3d738a70ece",
    "src/addons/DBTech/SocialGroups/Import/Data/Discussion.php": "9c2cff6e844677ca65fd3176123c253fdf25621ecc03fc5c2a53cc2c8b59d339",
    "src/addons/DBTech/SocialGroups/Import/Data/DiscussionReplyBan.php": "7649e0287e62a0ee9fca7906ad4fc34a8ac4c3d75f3f269d387cc7b185826747",
    "src/addons/DBTech/SocialGroups/Import/Data/Group.php": "e907402ae5e2adcdfee82545dd12ce5c56055a8e02b10f730128677588a0a4ed",
    "src/addons/DBTech/SocialGroups/Import/Data/GroupBan.php": "7758caa1b6e5bbd838833fbf0f9ec6e95ba4da753e25b9f2d5f6ea75cbb15976",
    "src/addons/DBTech/SocialGroups/Import/Data/GroupInvite.php": "a99e9ecb1c67e2cd3cc1d1c4fca8ebc058a15718fe7e2c9e173b91a066037456",
    "src/addons/DBTech/SocialGroups/Import/Data/GroupMember.php": "3f70c5f68bb950049d1868e51874a49b05d733243d43abead8c85d0901c02c86",
    "src/addons/DBTech/SocialGroups/Import/Data/GroupWatch.php": "2304287c6c78e12bbd3cfd3468d94f9c6060667468594879d2a4d9695c0fc4c2",
    "src/addons/DBTech/SocialGroups/Import/Data/Message.php": "4cec1e62378321431d3cfb356eedae4a71a4c7985bf375211268e54f4b95919c",
    "src/addons/DBTech/SocialGroups/Import/Data/Section.php": "d040c1d7e53f35678c9ebfd8c16cbe165d6b95d3c0a87bbd694cef92d0fc880c",
    "src/addons/DBTech/SocialGroups/Import/DataHelper/Banner.php": "06b110ee7e1715781d7621f0fe012318279911b75d88f38443e322676998a709",
    "src/addons/DBTech/SocialGroups/Import/DataHelper/Discussion.php": "4729e6e39d72bea74cbc03f338f6c08963b46910af0bc6e92a241a7b27e426b0",
    "src/addons/DBTech/SocialGroups/Import/DataHelper/Group.php": "dadd4ad5ff3fd86af9214fad183fca0d5c79ef0228919968d151ac6c0049d1a8",
    "src/addons/DBTech/SocialGroups/Import/DataHelper/Icon.php": "e0d693523905b906eda2081d6c64fb9ec4039f32ca286f34f24a30738b79c8d3",
    "src/addons/DBTech/SocialGroups/Import/DataHelper/Section.php": "49aac1379bec3f42a2f26dad97880c5bf09d53445f2a51992e28f5a93e5c76d9",
    "src/addons/DBTech/SocialGroups/Import/Importer/AbstractCoreImporter.php": "767b57626e9314c6dc67363296d766a093d305ad2230b617a42a9df88c795ed8",
    "src/addons/DBTech/SocialGroups/Import/Importer/NobitaSocialGroups.php": "442f68f6e16c763a9757a291ca4191d26d406743927513c7b45809f3164e174d",
    "src/addons/DBTech/SocialGroups/Import/Importer/SnogSocialGroups.php": "cecceee4098fbe571fd0851afcdcf9e09b040aa8c7c173326ffa323128b82862",
    "src/addons/DBTech/SocialGroups/Import/Importer/StepGroupCommentRepliesTrait.php": "080a189e2d83ac78c0ffde0e970992d02effe2148d7534c06339b56652462ea5",
    "src/addons/DBTech/SocialGroups/InlineMod/Discussion/Delete.php": "486be467cb52d0b24ec3e2b322d9cc534cc433139caa983edf741085e5505289",
    "src/addons/DBTech/SocialGroups/InlineMod/Discussion/Move.php": "3d268e3c3efd377b1ea97a15347bb6369b1694370b7101950fbb2f7b8d9b5569",
    "src/addons/DBTech/SocialGroups/InlineMod/DiscussionHandler.php": "984f73abe97d651f1866781958efb5d2eddd5b5f9e0a8af255f7b25fb64248e9",
    "src/addons/DBTech/SocialGroups/InlineMod/Message/Delete.php": "e8a053ec36094a5c407f4fa6cfca0a3a92eb4235a28b1022f3601414c07ac5da",
    "src/addons/DBTech/SocialGroups/InlineMod/MessageHandler.php": "1aa026ecf869869665b09752f3763e9353ae31accc2c6f8a88d88cbb4bad6f22",
    "src/addons/DBTech/SocialGroups/InlineMod/Thread/Import.php": "6af8cb5065aaa2eb9b89b8998827f3bf24543bbfe2ade0dc6ff2bc85db99b3c3",
    "src/addons/DBTech/SocialGroups/install-upgrade.json": "6828b566104d7706bb64b69bf09c2362a1345850593b1077978c8c47424e8a1a",
    "src/addons/DBTech/SocialGroups/Install/InstallDataTrait.php": "fa86f191229daeded0c4279f357e31ae4ad5b7fea26830c30687c932c03f9b30",
    "src/addons/DBTech/SocialGroups/Install/InstallerTrait.php": "7d3ad0a2d7a35415f9a337e8a74f2336afda3bf61941fd34f1b8fd55ff088480",
    "src/addons/DBTech/SocialGroups/Install/UninstallDataTrait.php": "c5b328bc5c3a734fa4d502ada6d1106be3de26488e52e549b68fe5ade6012001",
    "src/addons/DBTech/SocialGroups/Install/Upgrade1999970Trait.php": "846d8e64310abfec20c2917a60479fc99bcb0ae9944722fcdd790f38f546a82d",
    "src/addons/DBTech/SocialGroups/Install/Upgrade2999970Trait.php": "11bc69900c6022c500f7d8f46270c4edc410ef867d030e1a30075f0913e14917",
    "src/addons/DBTech/SocialGroups/Install/UpgradeDataTrait.php": "249c5f2208517bb87240e623cfb197fc926c4ecafb624a8da693b47ee1781005",
    "src/addons/DBTech/SocialGroups/Job/DiscussionRebuild.php": "c1e11bf71b3c27b9a5a37dd45c27d542f8249b18cef37b679b666b6ad26478ff",
    "src/addons/DBTech/SocialGroups/Job/GroupActionCleanUp.php": "14ff7f6f99f96b72d3b874b960eea61936de066d5334b6969d21d418416b41db",
    "src/addons/DBTech/SocialGroups/Job/GroupDeleteCleanUp.php": "aa26be1b481805045281a57d81ee615e6663bb1de0dd202521d844c785ff76c9",
    "src/addons/DBTech/SocialGroups/Job/GroupMemberRebuild.php": "f7378d28c266c50445f9cba074293e1bc473b38263068742dae493f7d9405ec7",
    "src/addons/DBTech/SocialGroups/Job/GroupMembershipRebuild.php": "197ec6b02e7eb7e47ea29df40eacf1228597d0739dcab120eb713780c79d89cb",
    "src/addons/DBTech/SocialGroups/Job/GroupRebuild.php": "8d3520f537fcdb3a5a1421720019387844dda07314915590ae799222ff5f6b9b",
    "src/addons/DBTech/SocialGroups/Job/GroupSoftDeleteCleanUp.php": "56b2ef2f63ac5992e8d18e17e6f84bbfbf63bd48c1b313b34d2e8d8594c6d42f",
    "src/addons/DBTech/SocialGroups/Job/GroupSoftDeleteUndelete.php": "9aa4694ca80659387b91de0b6db76909f4c02ed76c956a3eace6aed6450125cf",
    "src/addons/DBTech/SocialGroups/Job/MessageEmbedMetadata.php": "11b8b064c38d2c69c32efa057c98e4650bb0123ccb3295446e9c0b3caca614a6",
    "src/addons/DBTech/SocialGroups/Job/SectionDeleteCleanUp.php": "202d8f2bbed0929ad9dfe1a64bd1f5474435f70b17d8b76b0c4fea8af2967fa7",
    "src/addons/DBTech/SocialGroups/Job/SectionRebuild.php": "6bb843bf8c4571b50774e03a57bfce88792586756c5d1ff46fd6f9c73af0cb25",
    "src/addons/DBTech/SocialGroups/Job/ThreadImportProcess.php": "a42ca723c656bf11124cdbea6c583fc4e784c39211bc555d95d0db5b75b0f9e9",
    "src/addons/DBTech/SocialGroups/Job/TransferGroups.php": "8fe6eb07f88082c122efe33a0175effecda3bf4b3cb4d7cdc483a704f67e0674",
    "src/addons/DBTech/SocialGroups/Job/UserDeleteCleanUpContent.php": "8c68c4f95deae92d107b69bc4a2a5a37798f147bca84b3046c446a382b7ae2b4",
    "src/addons/DBTech/SocialGroups/Job/UserDeleteCleanUpGroups.php": "842a5cfabddb25587a7dcc9b8abc1ba9c882771a5e781b4f95ee40f27ac1496d",
    "src/addons/DBTech/SocialGroups/Listener.php": "dd04627ae7f33e0134d3c719baf0ce190d6e64241f2f376126ac73d797586303",
    "src/addons/DBTech/SocialGroups/Moderator/GroupModerator.php": "4d38940318e0fd3b2c954632bbe2e0cb808ea23b3967f1c405f6b6117efd7da7",
    "src/addons/DBTech/SocialGroups/ModeratorLog/DiscussionHandler.php": "8d6caa6491cf1c792d582379dfd0392da37bc9244890d52ebeab488e3e7cbbbe",
    "src/addons/DBTech/SocialGroups/ModeratorLog/GroupHandler.php": "0013f9eb68c30b4aa89c2df2061d2d70f2f489284509f22be4ef81959158c10f",
    "src/addons/DBTech/SocialGroups/ModeratorLog/GroupMemberHandler.php": "01653c4a1f3b5af8a7eec99393cc3525d2a82ce28990599779930c2ae7626d11",
    "src/addons/DBTech/SocialGroups/ModeratorLog/MessageHandler.php": "deff6d6497fc62ad00b203e3fa62db3b45cad255d1ac5582dc10d0de7bee65e3",
    "src/addons/DBTech/SocialGroups/NewsFeed/DiscussionHandler.php": "263ba9b39c9fe4190ef81e84bdb64682ed12b3d37a0f43bedd0e51fe62775f6b",
    "src/addons/DBTech/SocialGroups/NewsFeed/MessageHandler.php": "f8315ab6ea4227866a3104f3290cbd30d9478308b0a67a1f891274c079fa0e79",
    "src/addons/DBTech/SocialGroups/NodeType/SocialGroupContainer.php": "b298cb70b65409e6291c0d51b4a822f58550da8ec7a6a36dd42a5e50450a7597",
    "src/addons/DBTech/SocialGroups/Notifier/Message/AbstractWatch.php": "712e9d9cb12990f15e053bb358d3ef90ad84f08bd6107d4f7203296829db3b78",
    "src/addons/DBTech/SocialGroups/Notifier/Message/DiscussionWatch.php": "4007823cdb9533c74f4ace66c52ec26bcac003c55fd962ccd5ba2d817c6f1b0c",
    "src/addons/DBTech/SocialGroups/Notifier/Message/GroupWatch.php": "0217f3cea753818f81e0131d6f307ea9cc2637b12c0bedd59785dc731858722c",
    "src/addons/DBTech/SocialGroups/Notifier/Message/Mention.php": "b5bfb1de54916306fb1d1760f93671ecdfb58ad6eef6d068993ca2f606380e81",
    "src/addons/DBTech/SocialGroups/Notifier/Message/Quote.php": "a4fd484a4bc200b64eeec1f49e1e95e58674a6408cad1cf7b9a8ba12f44c07ce",
    "src/addons/DBTech/SocialGroups/Option/MediaAlbumCategory.php": "972d2961925a6803978d7b3af21bbb36c04cbffab6968ac614a05b834fb39f03",
    "src/addons/DBTech/SocialGroups/Option/MemberListDefaultOrder.php": "5245362a1c7a055c99decfc8a35d6c24a4ef209720b3fc470433d1dd674277aa",
    "src/addons/DBTech/SocialGroups/Option/Page.php": "144580284715e0e5cb617edafe479fd2844ded6131062e3a601904950a22bfba",
    "src/addons/DBTech/SocialGroups/Option/SpamDiscussionAction.php": "d6dbb4d19467415315f3472ad1cec45f9f307d2e0adc636d5e4ebede83f8b66f",
    "src/addons/DBTech/SocialGroups/Option/ThreadPrefix.php": "f8a49f81cc3eebcfe03104938be578abb9b8c9d030e9f441ac4e63ee570d7bf4",
    "src/addons/DBTech/SocialGroups/Permission/GroupPermissions.php": "1a006b1167725855fcb3db07f18a2951e0eb23e195e1ebd1cc2e1cef7da896e3",
    "src/addons/DBTech/SocialGroups/Poll/DiscussionHandler.php": "09273fd538f39f3b4ecbcd9142e91596597901b46ef7f0fa71454a1210b388a8",
    "src/addons/DBTech/SocialGroups/Pub/Controller/AbstractGroupController.php": "ddf6b3085a1666fb18161b5440715255c8100a6b4dd733fb05eab9a23e96e1e0",
    "src/addons/DBTech/SocialGroups/Pub/Controller/DiscussionController.php": "b37df43b6bed3a30fac88919f0038c78f388a6d81095610584fbcc4f90d45c2d",
    "src/addons/DBTech/SocialGroups/Pub/Controller/GroupCalendarController.php": "c0ea6feb006fd607e1f5713ad8956367db353abb0b5350d6413001d3236d745b",
    "src/addons/DBTech/SocialGroups/Pub/Controller/GroupController.php": "1ed69ce8cf4640111a6665dabe75af640a0fec568e4856bbaf942c8ee033c58a",
    "src/addons/DBTech/SocialGroups/Pub/Controller/GroupMediaController.php": "8d31ce7405bda16c19bbe22e270cb25ca37df9bc1b46e42f793d5adb91d4481c",
    "src/addons/DBTech/SocialGroups/Pub/Controller/MembershipsController.php": "418faf79cd835432b6223cae8ef94ef1b0b3864df6e3443448596f27c1c16f96",
    "src/addons/DBTech/SocialGroups/Pub/Controller/MessageController.php": "4b502afba72341eec62c90c5e357d6119fb110835c7bd892dc5204a2bedc5c45",
    "src/addons/DBTech/SocialGroups/Pub/Controller/SectionController.php": "24cc383a326566ce789007d649c6374ff297c39aa5cdd79d256516fa4ec70c49",
    "src/addons/DBTech/SocialGroups/Pub/Controller/WhatsNewGroupController.php": "524d8d0e4f7aedb43af98ac5fc49da882f81cf7e8e0d1094c3076b42d932a1eb",
    "src/addons/DBTech/SocialGroups/Pub/Controller/WhatsNewMessageController.php": "2e2e75772878e28ab90cd522a5b111b6d5d983b88766adb2d7e44a8cef610d84",
    "src/addons/DBTech/SocialGroups/Pub/Route/Album.php": "c2ecff4445962971d9490b62d54e29fb55f8f62a8dc4b7a15a0d61c575f7ea2c",
    "src/addons/DBTech/SocialGroups/Pub/Route/Media.php": "03aad47a2e57cfca0f73f26ff46e722bbcba6b86b44a60838d9914944ffb1cb1",
    "src/addons/DBTech/SocialGroups/Pub/View/Delete/StateView.php": "448f76993425996783d06a6fbc922ed32f18dec305be498c21a6a6d0d85e859e",
    "src/addons/DBTech/SocialGroups/Pub/View/Discussion/ApproveView.php": "d604c08482c9c8f9f4365be5c35f929c0f97af729c40454a79f1aab5080a0b7e",
    "src/addons/DBTech/SocialGroups/Pub/View/Discussion/DeleteView.php": "66e5e544b49fbce0bf36a35d753cd9dad801e026a2ac4cbfe81eb08d529833f8",
    "src/addons/DBTech/SocialGroups/Pub/View/Discussion/DraftView.php": "3ef895b97d56f1b9c3cf59590586bc83f7b9dd02cdd1884290ec6c5f65f035ec",
    "src/addons/DBTech/SocialGroups/Pub/View/Discussion/EditInlineView.php": "8856ab1fadd18fb23dd6011365b9fc7dabb24cb0c2a8385330d0272342c553a2",
    "src/addons/DBTech/SocialGroups/Pub/View/Discussion/EditView.php": "33bda5ac281537387892fa6aeff6ea9afa0577af375e4c4200ee14a4a77b33c3",
    "src/addons/DBTech/SocialGroups/Pub/View/Discussion/MoveView.php": "833b701618179fcb7098c735ecd93043baffc1a2b734ccf881dd4fc8acc5024c",
    "src/addons/DBTech/SocialGroups/Pub/View/Discussion/MultiQuoteView.php": "4379efda4229421b274a0e56a50a0f71d194d61bbac60950250ae7bd9e510037",
    "src/addons/DBTech/SocialGroups/Pub/View/Discussion/NewMessagesView.php": "cc2c86690380de1e7751abbfab396de64c5fcd7af9f42bf1bc39a6c4b05486a1",
    "src/addons/DBTech/SocialGroups/Pub/View/Discussion/PreviewView.php": "39b3fa56dee4d658aeaeadc3c24210b6b63fa82bbf45cc5f4a0dad405a198239",
    "src/addons/DBTech/SocialGroups/Pub/View/Discussion/QuickStickView.php": "bb3857c006b022c47ad73e087013c7fed1219d78a595da9f544e65eee4d3836d",
    "src/addons/DBTech/SocialGroups/Pub/View/Discussion/ReplyBansView.php": "7b4c240de5478125d41c4878ab5a8dbfa772d8eaeeb5fd11c96d7df28b3f607b",
    "src/addons/DBTech/SocialGroups/Pub/View/Discussion/ReplyView.php": "4121bbed2fe5593adf2018cf416f779c69e0945f081bc25aa549e22821e804c5",
    "src/addons/DBTech/SocialGroups/Pub/View/Discussion/TagsInlineView.php": "3b2751b42990708e6a665f17b1fb63b41db56beec084e515e51d4e0a0462373b",
    "src/addons/DBTech/SocialGroups/Pub/View/Discussion/TagsView.php": "314ab3671c01b8d7eefb4783f205559f57b53d0a82b4dd38539753abecd5549d",
    "src/addons/DBTech/SocialGroups/Pub/View/Discussion/ViewView.php": "d0d6f45ac32bf1f8dc789da301ce309931443b02ce73d77888c60fbd0095ee89",
    "src/addons/DBTech/SocialGroups/Pub/View/Discussion/WatchView.php": "5f2dedb91cbf681e7b84af8c9c975397a8332d02103b52bcbab2d391b146b3a6",
    "src/addons/DBTech/SocialGroups/Pub/View/Group/Ban/EditView.php": "c3e6c0d4b2bc51a33edc80266011e030642073c112ff5f56039268fcaec00d6e",
    "src/addons/DBTech/SocialGroups/Pub/View/Group/Ban/LiftView.php": "1a6507829583244c1e97c10c9d3e25f9c013ce635b437f50b68c1c9272b7afbb",
    "src/addons/DBTech/SocialGroups/Pub/View/Group/BanChooserView.php": "6e6c53cfb3026a3e351de8db9e1c17c41f89f34629a16efa961983021ded7d06",
    "src/addons/DBTech/SocialGroups/Pub/View/Group/BanListingView.php": "b3d28644f9d9c0f0c0eeff3bff0b5066df5229b2c3dbdddc9ba24c064fd2bd13",
    "src/addons/DBTech/SocialGroups/Pub/View/Group/BannerUpdateView.php": "594fc9dbae059412d80626ec87860bb18670befda7d6c8c56259168ba758988b",
    "src/addons/DBTech/SocialGroups/Pub/View/Group/BannerView.php": "cc724e64077d402b795e99bbfa104ed6af2d59fbfcbcae780f9e63099b91ef6d",
    "src/addons/DBTech/SocialGroups/Pub/View/Group/Calendar/AddView.php": "b41a70f62ea0d517c98368e6482d98edc056d119a531047cf9ebe3052e912d84",
    "src/addons/DBTech/SocialGroups/Pub/View/Group/Calendar/AlbumView.php": "92847c8e49a288e772dc282e8d97c3672c155de8fb9b58020752cd0e214de5ac",
    "src/addons/DBTech/SocialGroups/Pub/View/Group/Calendar/ViewView.php": "69cbab67f28cf4a2196ee9e3ab194552189ac1c12f7aef39feb69cfff60a4f1f",
    "src/addons/DBTech/SocialGroups/Pub/View/Group/CalendarView.php": "3e073fc12eb1eb48c645e178f92dd6fd7792097f534e3b002e19e4cd158c97f6",
    "src/addons/DBTech/SocialGroups/Pub/View/Group/CreateDiscussionChooser.php": "65c2c015a447363fc5625b585271feef2e672f6e9649bf97288d47a063209c13",
    "src/addons/DBTech/SocialGroups/Pub/View/Group/DiscussionItemView.php": "8ce45c727af85d12655c194a79d487d43ac3253a465beb347c0906b92e87c1ed",
    "src/addons/DBTech/SocialGroups/Pub/View/Group/EditView.php": "eeeac38a1eea20af22bc6f2acf7feb06b117e7e458b88c6063db49de3c90c722",
    "src/addons/DBTech/SocialGroups/Pub/View/Group/EventDatesView.php": "ab9e9722143b03a0e2c1e2bd793bb4bc04077379205a1f7ca4a7079c56640653",
    "src/addons/DBTech/SocialGroups/Pub/View/Group/EventEditView.php": "cb352f749a1b1616d323428044013193741645cd78b3f92e5e184b85626fde43",
    "src/addons/DBTech/SocialGroups/Pub/View/Group/EventFieldView.php": "94af1f7bfe421eb0f50adf103d94476434e004fba37bb0c76b9fa3b35f80fd4f",
    "src/addons/DBTech/SocialGroups/Pub/View/Group/EventResponsesView.php": "9882fc19a341e7809d16715f5d7bb432e6a23631ec762daa25b909bb1f301897",
    "src/addons/DBTech/SocialGroups/Pub/View/Group/EventTooltipView.php": "cf8e7f89aebdbca54d38ef118fed71b7e167224ec4ac212fa460177ab9487c21",
    "src/addons/DBTech/SocialGroups/Pub/View/Group/EventView.php": "88aabeb9cce4c29fcae1c1bb70b8ee16ec9ca42bc6b861736f022be0dd8f5d5d",
    "src/addons/DBTech/SocialGroups/Pub/View/Group/FiltersView.php": "09366347a018af832cb94ab98ee9ea7cf3ee8a12d736adc4bc2c28675f8a9ae0",
    "src/addons/DBTech/SocialGroups/Pub/View/Group/FindMemberView.php": "f6d03a687d96983ce60af8a01b832af1ed873060a004a1610bde54d03d9b5ab6",
    "src/addons/DBTech/SocialGroups/Pub/View/Group/FindView.php": "2487080fefa7e22316ac798b492615c8c5f4829b13274c861bc360b091515b26",
    "src/addons/DBTech/SocialGroups/Pub/View/Group/GroupListView.php": "50d22819c916085b05f935fd8179f7cb9dae6e5d05e0571e38085f96f87bdb9d",
    "src/addons/DBTech/SocialGroups/Pub/View/Group/GroupMember/KickView.php": "aaab39445da03f7ed945147fb7678a4a5042ef7da0fef0d0afcc5463c566d696",
    "src/addons/DBTech/SocialGroups/Pub/View/Group/IconUpdateView.php": "f3e4782b8781c326b2157e2c84ec7805e13730bced9e7566fe4ab61a3772f9b5",
    "src/addons/DBTech/SocialGroups/Pub/View/Group/IconView.php": "5c21854cd37ecf33b8aac2ef1dcf83fc8c78bce2528a0efcedafe4b42bb54cae",
    "src/addons/DBTech/SocialGroups/Pub/View/Group/InviteCancelView.php": "fe496ef9d77912cdd6ad599917950cc0576449a3105ca95fe3a43bce99686e50",
    "src/addons/DBTech/SocialGroups/Pub/View/Group/InviteListingView.php": "f1341144eb3600e270f2839367fabb962429e19ad1025fba2b3e82b461b50b43",
    "src/addons/DBTech/SocialGroups/Pub/View/Group/InviteView.php": "c96bebbe008c9197fc88c3bf930b6aed919c1bebf2ecf0da0edb4dbfabc6f7be",
    "src/addons/DBTech/SocialGroups/Pub/View/Group/JoinView.php": "0a4af41659703f2ae1cffa4af4a130dd551c5c60ef701a13d3f5c0b8a64ca5e6",
    "src/addons/DBTech/SocialGroups/Pub/View/Group/LoadSectionsView.php": "76b5adbe0a52c866c50017d456c01d6b0cc0d264767b585e423ab128114d765f",
    "src/addons/DBTech/SocialGroups/Pub/View/Group/MarkReadView.php": "398e4377fae194f4060f41f98691372d3f573aee948bf7a1e467ba8d022c9e99",
    "src/addons/DBTech/SocialGroups/Pub/View/Group/Media/AddView.php": "e5a8d38a336f14055acac7b1aef10a6914c9c6657bdef6c77a17595b7054922d",
    "src/addons/DBTech/SocialGroups/Pub/View/Group/Media/AlbumUserIndexView.php": "4225fda8ed4e21bd52eb7d921101e91e65f2f3edae89bae4f21e72f1d0503057",
    "src/addons/DBTech/SocialGroups/Pub/View/Group/Media/AlbumView.php": "192926a46c5f684d5b73c7d565d805f351233ce4c7d72c75c95f2132ee1b5214",
    "src/addons/DBTech/SocialGroups/Pub/View/Group/Media/UserIndexView.php": "95402850fd61088aadc1527ce6a02db51cd4d6084f95eed88d4e9f51930aa23f",
    "src/addons/DBTech/SocialGroups/Pub/View/Group/Media/ViewView.php": "9be76a3a775dbc7aabd25b5a09351f2c46ffa2f6b9471ebaa015361cb7c5d7cf",
    "src/addons/DBTech/SocialGroups/Pub/View/Group/MediaView.php": "9fca030cbeb327704445d27ab8ab8dc04805d0ac98d20072ff408b8e6451aafe",
    "src/addons/DBTech/SocialGroups/Pub/View/Group/Members/FilterView.php": "70e7a62231266dd0d06ea948ba55b43447171d00167d25cf8c9c6c81340d5a3c",
    "src/addons/DBTech/SocialGroups/Pub/View/Group/Members/LogView.php": "ef4afe67d2c49174ebc88449dd0cea3d043c2b4a948a4dbb54e2f7868f914ee5",
    "src/addons/DBTech/SocialGroups/Pub/View/Group/MembersView.php": "98ac5006793b40a1e14236ec53d673e18e298f20619b86148587d03447a6bfd8",
    "src/addons/DBTech/SocialGroups/Pub/View/Group/Moderators/AddView.php": "1ce4776db44cde58b5e0576a948d9bd23e3c4ab93a5e27f75cdbc9a0c84e6ec2",
    "src/addons/DBTech/SocialGroups/Pub/View/Group/Moderators/EditView.php": "7c1a09e2f68c05a473e1405752ccc422be7b5cc434f02c7acc2542c5f2d5173c",
    "src/addons/DBTech/SocialGroups/Pub/View/Group/ModeratorsView.php": "93ac912aa35537f8ea131a87160d1707199a29598ebe7f7db37c496b374c8c10",
    "src/addons/DBTech/SocialGroups/Pub/View/Group/NoPermissionBannedView.php": "876fd209a7648ddeea54bc2ac6070e867f6547baedde1213c5a08fc88996b815",
    "src/addons/DBTech/SocialGroups/Pub/View/Group/NoPermissionJoinGroupView.php": "2dd09e80c202fc3e096d2a026d10ac95f7c2e9aafb45664e3740dbcfb3482919",
    "src/addons/DBTech/SocialGroups/Pub/View/Group/OverviewView.php": "2bfb50bd52a3cc2bff8bc4770f67e2e58e0a8aa350fa85c6397f4341a1b8cfe4",
    "src/addons/DBTech/SocialGroups/Pub/View/Group/RelatedThreads/DeleteView.php": "736566db442313512c747b80b2702b68290a2b3ee28a5c40c3c70060cdef24bf",
    "src/addons/DBTech/SocialGroups/Pub/View/Group/RelatedThreads/SortView.php": "dd83c974b9776a91ab611c40d60abe10efecf129b48527639203d82c8a00a2cf",
    "src/addons/DBTech/SocialGroups/Pub/View/Group/RelatedThreadsView.php": "e0fea1f38a38f24e31e4a849a5c94f1f243cb503e40953033c21bfc0c77f1c16",
    "src/addons/DBTech/SocialGroups/Pub/View/Group/RssView.php": "3cefa3485ef1b6363514e5b01f415f82bb2588e0c485b460158c95ddb0133895",
    "src/addons/DBTech/SocialGroups/Pub/View/Group/RulesView.php": "8052562982eb8ba63e999c495a7a2b97e97859e71ba5c4b1cce3c1e6c11d2a84",
    "src/addons/DBTech/SocialGroups/Pub/View/Group/StartDiscussionView.php": "a2f48130ebfe7ee062f22638501ce45558879d38d245c9276fa61905fef45dd7",
    "src/addons/DBTech/SocialGroups/Pub/View/Group/Supervisors/AddView.php": "25f1efee5324f52d2c7f3b38280e2dec340ef357c0c303862b5351f5fff373b9",
    "src/addons/DBTech/SocialGroups/Pub/View/Group/Supervisors/EditView.php": "1c8cadcfaea07b80a03adf7c631fd8dcc69f412cbf2a3ecf7b4094145371d5dd",
    "src/addons/DBTech/SocialGroups/Pub/View/Group/Supervisors/RemoveView.php": "147d57ff1443f5566db7041885fd31b2c335c6a31e52477d9cf48c42ec2833b5",
    "src/addons/DBTech/SocialGroups/Pub/View/Group/SupervisorsView.php": "875d0b11f96e6663895ab5572d06704868d44f130dbc1613f2ccf524414592a6",
    "src/addons/DBTech/SocialGroups/Pub/View/Group/TagsView.php": "136ff89b36b85fa4ea4e6586213dade2b50c81cda7bbd663a38274531f301dd8",
    "src/addons/DBTech/SocialGroups/Pub/View/Group/TransferOwnershipView.php": "ba41a0ad25f04726b6f6cd03635efe8b0fe5eb8f73711be32faff55f87c8048e",
    "src/addons/DBTech/SocialGroups/Pub/View/Group/ViewView.php": "b2c5e196aae8f929164f8738eb37d205b3f767b6672faffcd4d1ffe380c00b5b",
    "src/addons/DBTech/SocialGroups/Pub/View/Group/WatchView.php": "475de7ab88e084e37cc98be2f68764960120bc44e80cb86b38fcde534263c90a",
    "src/addons/DBTech/SocialGroups/Pub/View/Media/UnlinkView.php": "7ba2414525726bfbaf8c6c68e725391aac5e3af3be82c077c43b7807e65a31ce",
    "src/addons/DBTech/SocialGroups/Pub/View/Memberships/BannedView.php": "8ed7467af0995c71462e185f694e802699be0a14cec83746cadf162c1599c19a",
    "src/addons/DBTech/SocialGroups/Pub/View/Memberships/InvitationsView.php": "1163c9311e339bc8c3554db4f9799891fdf67a091af7119d7e9bd6d19a4d5ac0",
    "src/addons/DBTech/SocialGroups/Pub/View/Memberships/PendingView.php": "ae9dd5d0a1ce3526d36425734d7e0be746e2407ddc2fee2c8889c380ba780ccf",
    "src/addons/DBTech/SocialGroups/Pub/View/Memberships/ViewManagedView.php": "d090626c284a588716acf8bccdcf5f357e3f737e4954359e08923f729676ad1b",
    "src/addons/DBTech/SocialGroups/Pub/View/Memberships/ViewOwnedView.php": "c30f3ff65a88b2a85c1308e08b5f9c5740c4542ad6532078605a5dd82fc25ade",
    "src/addons/DBTech/SocialGroups/Pub/View/Memberships/ViewView.php": "a8f1a0817ea8e3f5fdc75186328107abc62a0152a1da5756e5bfdcba1b4c40ae",
    "src/addons/DBTech/SocialGroups/Pub/View/Message/DeleteView.php": "c0438283c6dd956104ab2306732fd6afcf59408f524aefc08f6ed1457106cae1",
    "src/addons/DBTech/SocialGroups/Pub/View/Message/EditNewMessageView.php": "000de1d05ec8e1ec6e739dfbfe408949be0cb5545eb7ef228ed7e1b950b25b44",
    "src/addons/DBTech/SocialGroups/Pub/View/Message/EditView.php": "8f1d99137b15dd543a5d1b00a5f1c29049f1c55a9f08ccb43d03fdb56f0228ac",
    "src/addons/DBTech/SocialGroups/Pub/View/Message/ShowView.php": "7a1749a9e93ba3c7d036086f12c882f7a77943fa83a5e640cf51954fdd7894e5",
    "src/addons/DBTech/SocialGroups/Pub/View/Section/DeleteView.php": "c4c265e79bab3d96c37570b55ee4ada38f1cdb71e7c9ca5d0f33c70dc5730bde",
    "src/addons/DBTech/SocialGroups/Pub/View/Section/DiscussionItemView.php": "4661bc91442dae43e86eff4bcef90ed51f962660a852c2b52366e7e10ebde279",
    "src/addons/DBTech/SocialGroups/Pub/View/Section/EditView.php": "2ddb0b8adebd5fb4d44b8344b0d7b34b485745df028e5a6b8e0f8ed10ec21782",
    "src/addons/DBTech/SocialGroups/Pub/View/Section/FiltersView.php": "851710fc58fae6ad2102687c100a65815a69f0657a9d7278e5f38638a88e3abf",
    "src/addons/DBTech/SocialGroups/Pub/View/Section/ManageView.php": "5be5638c39e36bb3631c2c3c14b867bff9680c3402d5a0958a3e3da271df18ca",
    "src/addons/DBTech/SocialGroups/Pub/View/Section/MarkReadView.php": "fe347b50d2c7e4bfb71d292866f22a69cffda19191e5ed88fde85d8947483261",
    "src/addons/DBTech/SocialGroups/Pub/View/Section/RssView.php": "755b062d87c1790dba62d379ea93d3fc6687cc5f555911a966c0b93f8a699d70",
    "src/addons/DBTech/SocialGroups/Pub/View/Section/StartDiscussionView.php": "478c0d97bf138462ebce886cc78fe19f98382c64cd33789322e9c01727ff04af",
    "src/addons/DBTech/SocialGroups/Pub/View/Section/WatchView.php": "68a35748248ede850db17a7748836ebdc73548736a5f894285ac55bd1b0ceb8d",
    "src/addons/DBTech/SocialGroups/Pub/View/Thread/ImportView.php": "a5f3af8f1f9b05178f4bf2a3dc277b03980c0696ec650ee7752b6f64c05b2035",
    "src/addons/DBTech/SocialGroups/Pub/View/Watched/DiscussionsManageView.php": "5f4a651d02ed6d060be426bb8cbc913a43ce5ace893703bd5d84b7aa3adbfb92",
    "src/addons/DBTech/SocialGroups/Pub/View/Watched/DiscussionsView.php": "6884934d65db1dd7adcaa82d17fd5643f185fa23d35b030ac35c02da26066baa",
    "src/addons/DBTech/SocialGroups/Pub/View/Watched/GroupsManageView.php": "26208c9782976b94fcbd4c5bfec163f12fe729358716094cc591f0c1d1d7a36a",
    "src/addons/DBTech/SocialGroups/Pub/View/Watched/GroupsView.php": "3372be2e6785e902b2036f578dc7adc3fe3a609356e6113c35bfe6aa0b93c372",
    "src/addons/DBTech/SocialGroups/Pub/View/WhatsNew/GroupsView.php": "2a46713e3dbbfb9d821de74c94e639e63435dffb3c3fdad8e0835ae67e4e8ec5",
    "src/addons/DBTech/SocialGroups/Pub/View/WhatsNew/MessagesView.php": "5a4430aa9972a50997cc88fa4273d1c99e481970a7dce8ec09b407c08d81c9ff",
    "src/addons/DBTech/SocialGroups/Reaction/MessageHandler.php": "98bd7e62b447158eb48b1fddb985ed57bb2332fd518354f56f626ae38a235e02",
    "src/addons/DBTech/SocialGroups/README.md": "6dea6fbad3f8d33134519927b73ad159879057e0de88aca611eb4962b5d5b1da",
    "src/addons/DBTech/SocialGroups/Report/GroupHandler.php": "58851d1d86f0bc413770f2988e6eff9f8bd1ecc32d3d46e6f664ff6733d62eb0",
    "src/addons/DBTech/SocialGroups/Report/MessageHandler.php": "47c35885c39e64420325a404eabaec4bf199a50cca0904955795287ec961be16",
    "src/addons/DBTech/SocialGroups/Repository/BanningRepository.php": "a3cab1ae699ab259fe5b6c137e6d27ebf42a2c1f25dbbd397c6282ec27ab70f5",
    "src/addons/DBTech/SocialGroups/Repository/DiscussionReplyBanRepository.php": "4477a0f169da8dfd86b09430afa8233339cf9d9e1caec571b99220e256c5ead2",
    "src/addons/DBTech/SocialGroups/Repository/DiscussionRepository.php": "ce959a2af33145898dbfe4b51e38eabca9c58623827b880b0563fe43ffce99d7",
    "src/addons/DBTech/SocialGroups/Repository/DiscussionWatchRepository.php": "6421a01d6d206fa0d436fb48825aaafd8236818ec3f6391f96640e97b2ddf7cc",
    "src/addons/DBTech/SocialGroups/Repository/GroupInviteRepository.php": "0eb7b228e03dd595264f41b5b0c4006466a749431d88acd7e3c6db3f6965004b",
    "src/addons/DBTech/SocialGroups/Repository/GroupMemberRepository.php": "d0aafe0be0263a55ca4a645547172d162841a39ff872d78ea7adad8b8b0682d8",
    "src/addons/DBTech/SocialGroups/Repository/GroupPermissionsRepository.php": "abd47b212186101ed1a8641c03b0cb9cc553d2cdfb40c8fe46417dc64e90e3f7",
    "src/addons/DBTech/SocialGroups/Repository/GroupRepository.php": "63d59020edf8e5a8c887a44c3cc7594144e28822e8211c76aa33c281376dbd75",
    "src/addons/DBTech/SocialGroups/Repository/GroupWatchRepository.php": "9b59a20191c8509369c6d8196d55366008c63463f66bdd4381db817f33062b6b",
    "src/addons/DBTech/SocialGroups/Repository/MediaRepository.php": "d916f364e983c23a4810949dc12adeec3ffebfa476abaceaee32e597551a4fbd",
    "src/addons/DBTech/SocialGroups/Repository/MessageRepository.php": "7ebff679194c9301a83770cb2292814fce7e1f3dd5f6b8a991468d904878b1d2",
    "src/addons/DBTech/SocialGroups/Repository/SectionRepository.php": "e72201b6a969f4b7bbe70b97a603a84c4176e43ccc018fdb92d7176fdea0b4cc",
    "src/addons/DBTech/SocialGroups/Repository/SectionWatchRepository.php": "823d8c0a5cf22dda1b4b9491a3256bbb32124788f11ec8f6d865088015dc5ebf",
    "src/addons/DBTech/SocialGroups/Search/Data/DiscussionData.php": "78438825a012bf97a2fb71c3db337980e6d22f534ac92f57ffb35eb1f276bd5b",
    "src/addons/DBTech/SocialGroups/Search/Data/GroupData.php": "85bc318fc8f6a0901152844889179490636272d61fa12c7dcbb3b7591973e854",
    "src/addons/DBTech/SocialGroups/Search/Data/MessageData.php": "d272aaca6ea53fd8582909ae2c3c382e6657dd017502b0377d55d5d327dfe54e",
    "src/addons/DBTech/SocialGroups/Seed/SocialGroupDiscussion.php": "c4492f51fcd11e0accdcbe63930cd49ae0d8b48149299eb6a125f43291dc8c46",
    "src/addons/DBTech/SocialGroups/Seed/SocialGroupGroup.php": "2a7db138c269ef95254951f6612007f4284c2d36d68cac6b98e21dd5ae228998",
    "src/addons/DBTech/SocialGroups/Seed/SocialGroupGroupBan.php": "093b408eeadc1870c9bdf583801a4cfe816d61e97a86f7819904fb3af553114e",
    "src/addons/DBTech/SocialGroups/Seed/SocialGroupMember.php": "c72ab0d0218a8e6a25adc3fc4d54400725f9a6820eb723df15fb4df88ff24da8",
    "src/addons/DBTech/SocialGroups/Seed/SocialGroupMessage.php": "d56ff38508ad0b127cd0f80a0295a8897b5516ae178ac837041f9e08abe7574a",
    "src/addons/DBTech/SocialGroups/Seed/SocialGroupMessageReaction.php": "4e2f5cfd0840b698ea133a0a645b1989b64eb11c662c6541b0b19ad7295a5a32",
    "src/addons/DBTech/SocialGroups/Seed/SocialGroupSupervisor.php": "92a884d0f5df1ae2060e8431d65482a89a2880ef6b51fc76a48143d6d2f05988",
    "src/addons/DBTech/SocialGroups/Service/Discussion/ApproverService.php": "012678b28f4ac88dd7455c0a2a346bcee4bcd5c1a65a39783df23b331ee69eaa",
    "src/addons/DBTech/SocialGroups/Service/Discussion/CreatorService.php": "5621437b3972583c8e379ec9ea1339cbedc1cd6370af7742e5212d89cb8af01f",
    "src/addons/DBTech/SocialGroups/Service/Discussion/DeleterService.php": "3b3f6cf7a8c371381f9230b721233772694baefaaf4d5fe70fac77a2afed0812",
    "src/addons/DBTech/SocialGroups/Service/Discussion/EditorService.php": "29f68d3ed0eed1731ab2fe793c8d8ced427253759879aa4130f78cb02a06f832",
    "src/addons/DBTech/SocialGroups/Service/Discussion/MoverService.php": "515d1fb3c5e6b85b9356c2ff0971057c163b9dd650c95eb3485ca589641f2eb4",
    "src/addons/DBTech/SocialGroups/Service/Discussion/ReplierService.php": "c9552efcf60c166c8f0199ec31aa42432f8d6389e32fc16c4cfdbd6405da95f2",
    "src/addons/DBTech/SocialGroups/Service/Discussion/ReplyBanService.php": "72a143a76399e3026accdc60f9b55142dba7dcd2a6dff0b8a7b25b622402cb8e",
    "src/addons/DBTech/SocialGroups/Service/Group/ActionCleanUpService.php": "30af3fac4676f2c81a7aaae4464d2376a34db49945cddd78b90c64247a52e53c",
    "src/addons/DBTech/SocialGroups/Service/Group/ApproverService.php": "86280c20cf254ed522aa430f7f60b2d0ece1f036a06541ec964e9ed90b844abf",
    "src/addons/DBTech/SocialGroups/Service/Group/BannerService.php": "45508c4950f7f5e787baeaa7b6350cef0ef6b4d68f27edec4c953b7dff97f2c6",
    "src/addons/DBTech/SocialGroups/Service/Group/CalendarCreatorService.php": "b46c92ccead9867ef311cc2b5f543b214a41ce73dd4ff5ecedf28171aaaf4007",
    "src/addons/DBTech/SocialGroups/Service/Group/DeleteCleanUpService.php": "a9a89c9a2acb8de29fa8613345b8dabbe12948080ddc7f90e8a67738f3132477",
    "src/addons/DBTech/SocialGroups/Service/Group/DeleteService.php": "4ada1fa33b9c1e5f29bc1d080cac26cbc6ac06ac4fca3060dc8022e9a917f14d",
    "src/addons/DBTech/SocialGroups/Service/Group/IconService.php": "20fc6fd849f60bcb4feb1984a22c1008b577e574d34cccdfe3a82750777b7dea",
    "src/addons/DBTech/SocialGroups/Service/Group/LinkAlbumsService.php": "471c178db9dd5d2fae715be56a318cd99ad0e191745e000ca8f0454ce3061018",
    "src/addons/DBTech/SocialGroups/Service/Group/LinkRelatedThreadsService.php": "cb5d413de8ad01b24e941f9b1ff2d7fb979edb115400806934943cf2170d191b",
    "src/addons/DBTech/SocialGroups/Service/Group/ReassignService.php": "1dabd4d1edafdf669cf7bd65918e4b6405a370a2c4156273ad1d5af5330e093f",
    "src/addons/DBTech/SocialGroups/Service/Group/SoftDeleteCleanUpService.php": "b379c1b16fd06c559602b5ea4cd64494c728151ce469d79c871da99cd262a5c0",
    "src/addons/DBTech/SocialGroups/Service/Group/StepDeleteAlbumsTrait.php": "21407f6204be4a8c662c4be353a05f0719f59ec7d5237fab3cbbf31804c4bdfb",
    "src/addons/DBTech/SocialGroups/Service/Group/TransferService.php": "bfd12ff40e34df9a2276879f2b51a64af6b227d9b1929ab91df5d9a44bd5db26",
    "src/addons/DBTech/SocialGroups/Service/GroupMember/ApproverService.php": "e0aba578426e68cbdc994b27c12a94f954376ab6a3be3532c69e173e1bcebd1e",
    "src/addons/DBTech/SocialGroups/Service/Message/ApproverService.php": "48da958a340efb240b791e587b4696d79ba1999a4c8f1f33c745db61c785cee9",
    "src/addons/DBTech/SocialGroups/Service/Message/DeleterService.php": "5a41b4c5cfa25955d618fe14de7f3c3cfa47c821db3efde64db9055124e70fe7",
    "src/addons/DBTech/SocialGroups/Service/Message/EditorService.php": "1e568dcfed154b9f2db2654a87d39b3be78ee1d498b540def3020cea562b9497",
    "src/addons/DBTech/SocialGroups/Service/Message/NotifierService.php": "69fc303c03027e71a2d55c4a704f309de0bb950a4a11ca5b9a7a118ed42efd69",
    "src/addons/DBTech/SocialGroups/Service/Message/PreparerService.php": "f08a56b04f0161c14bee2b26c9452f31da7edb1d61c777f2aef075bd3d2e1ade",
    "src/addons/DBTech/SocialGroups/Service/Post/ImporterService.php": "4ca8b52f13f169e02fa0597da6823dba059fc881e0a171e7924bc28725528559",
    "src/addons/DBTech/SocialGroups/Service/Section/DeleteCleanUpService.php": "af35b69d387bf60919f28126326de8c08b1c95e9a6b50bb00464a5b4980578ae",
    "src/addons/DBTech/SocialGroups/Service/Thread/ImporterService.php": "49c92b3c91d61b5e4a355a8ed491729be62c620d903d10fac9597d642c830100",
    "src/addons/DBTech/SocialGroups/Service/User/DeleteCleanUpContentService.php": "5f54cb719bd719f9f71c9dbe7da558ffda41b2ba9768fde015a0764326e2a564",
    "src/addons/DBTech/SocialGroups/Service/User/DeleteCleanUpGroupsService.php": "3a6ed139ab7269f868f87bb38d3c4a8aacac3fee45a3b99d25d6596e22917cf2",
    "src/addons/DBTech/SocialGroups/Setup.php": "2e3f9e6059fc52c105b7f17617448436dfa293fce382a17478928f0d1a789c30",
    "src/addons/DBTech/SocialGroups/Sitemap/DiscussionHandler.php": "d7fd8fca80e05c32e02d0e2664e6856f9b1b9ad03f627e2122c983fa637480d0",
    "src/addons/DBTech/SocialGroups/Sitemap/GroupHandler.php": "ac1ba1de7a19f8f682bd6a6d2238c3789a2642c15e0a456065a518782f775fc6",
    "src/addons/DBTech/SocialGroups/Spam/Cleaner/DiscussionHandler.php": "0647c4cf9f15c0ce220a7e85b4575071a6fa15e09588129eab7618e938bb2260",
    "src/addons/DBTech/SocialGroups/Spam/Cleaner/MessageHandler.php": "568f30e2d61ca6eb1c72eb4ee16b7b5ae956c25d6d79fb560ef6fa34b13e894d",
    "src/addons/DBTech/SocialGroups/Stats/DiscussionHandler.php": "0259f09691091b9844aa0235421e10fa17719df511643ed1a98b41fea72c4e0e",
    "src/addons/DBTech/SocialGroups/Stats/MessageHandler.php": "bdd176a9fdccce4f164455228e665ceb6088910384ef67f0f7774bc5c2ccd75f",
    "src/addons/DBTech/SocialGroups/Tag/DiscussionHandler.php": "95800cd5a2f3b72525c2e5d45b088de88db0a068d7bce71ce126cc400515b5b9",
    "src/addons/DBTech/SocialGroups/Tag/GroupHandler.php": "488ba4409ffff724d289e05e8131877b9d8088c41d8df02138d28953fbe36f6d",
    "src/addons/DBTech/SocialGroups/Template/Callback/Copyright.php": "0607bdd936a23e5492c37bf32604dc07801bfb74b2d9dd306e90dd96359c36a9",
    "src/addons/DBTech/SocialGroups/TrendingContent/DiscussionHandler.php": "3a63947358c4221aa460d265df889e7ba541b0b56d658f48ef4f32f9986b54f8",
    "src/addons/DBTech/SocialGroups/Util/Arr.php": "a5825c4a4e8af48ce49f94dfc20f1a24464abd0c51b65dc0f04761e4202c0834",
    "src/addons/DBTech/SocialGroups/Warning/MessageHandler.php": "48e305173ef00b316db0790fb98df918e0550ea3660186354e4ebfb78320cf45",
    "src/addons/DBTech/SocialGroups/Widget/AbstractGroupWidget.php": "caa35a7bd45ba11b60f2085228f5f40be61d6a24af3a51ebdaf59ed4d860c3e7",
    "src/addons/DBTech/SocialGroups/Widget/FeaturedGroups.php": "11b68f2e8e003cb2198da614e66d8f5a6fbe37ab818410a6776411f53d7f878f",
    "src/addons/DBTech/SocialGroups/Widget/GroupRelatedThreads.php": "112e3d9c3993734a673d113f7017af188a955c0ef054a0d6ec4a5d68bab312a9",
    "src/addons/DBTech/SocialGroups/Widget/GroupStatistics.php": "bc7fbda45942297feb5fa53ee8b8cd42af9e17645d3e4c10f63614c5027df7a8",
    "src/addons/DBTech/SocialGroups/Widget/GroupSupervisors.php": "cb6dfe882cffa813bf567bc7578232fd159566b10e9a831d5f70520c51e40263",
    "src/addons/DBTech/SocialGroups/Widget/JoinedGroups.php": "1fb73a9abb5ee98c5db90840f340c466238a1599f51fcc196fea73dfc9a39112",
    "src/addons/DBTech/SocialGroups/Widget/Limits.php": "884aae6e67d728f0085e7e61b3b0d56c40fc905fd5acfe730e9275e9334e441a",
    "src/addons/DBTech/SocialGroups/Widget/NewestMedia.php": "b6ae43cf061370a9cb23446dc77cfab9b27642e97855785bde10d7398357a5f2",
    "src/addons/DBTech/SocialGroups/Widget/NewestMembers.php": "c5dc17c6a7633ac2f09c4d548cf9a7c37ed415b6aebfff92ab68ff8996dc27d3",
    "src/addons/DBTech/SocialGroups/Widget/NewGroups.php": "115eadaebf864ea0f99953259216c7f544fcc513693ebc55c6d63caa5f0b2aef",
    "src/addons/DBTech/SocialGroups/Widget/NewMessages.php": "4bc1f273ccfac7a8a9d906aef8e77cc10639030d469c3d7eecb51633ea2bd527",
    "src/addons/DBTech/SocialGroups/Widget/OwnedGroups.php": "69944caac0ab97a54e14218a193bf9a20ac5a1617d5c0f976223cd9b12470872",
    "src/addons/DBTech/SocialGroups/Widget/RandomGroups.php": "7312784769f9620453f104611bef82d6b1f4b6d18cc77d189ce1a8654e432702",
    "src/addons/DBTech/SocialGroups/Widget/TagCloud.php": "20c6a6fae64df00f9a98124c42e128148f0e638057bc198c4d1b84fbca19fb40",
    "src/addons/DBTech/SocialGroups/XF/Admin/Controller/UserController.php": "7ca8c48dde5adc670b37c7729b66a2a5b5cb9fd247e8304207ae4c22842359b2",
    "src/addons/DBTech/SocialGroups/XF/Behavior/PermissionRebuildable.php": "492b4e3f6a03ef12ee3d6d311d43e784f00cda2fe618996dd1a2c72b16c77d42",
    "src/addons/DBTech/SocialGroups/XF/Entity/Thread.php": "b4959b50366d9a00d1759e468f22458c4646d966c1c9ba42af58072ecc647084",
    "src/addons/DBTech/SocialGroups/XF/Entity/User.php": "6bced5aae7da712a4185fa4674f368965efa33b4b8b0ee1204d597359699e4d4",
    "src/addons/DBTech/SocialGroups/XF/InlineMod/ThreadHandler.php": "26e3daa0133cb45fbf5be058791e30f468b10ba740b6dd5025ef1a89fc6766b7",
    "src/addons/DBTech/SocialGroups/XF/Job/UserAction.php": "5e9e6b697dc88e7a01afba3439ebcae6efbfe38fa27230b5222e0ffc0d48145c",
    "src/addons/DBTech/SocialGroups/XF/Logger.php": "3fd034809fe88db401d20258148f3d88c7d652b23a810c0d9773dab539e11298",
    "src/addons/DBTech/SocialGroups/XF/Mvc/Router.php": "9d5f8ee650a115299f317b8422d912df304b3318d36f0f0eb3cc19f2293e0971",
    "src/addons/DBTech/SocialGroups/XF/Pub/Controller/GotoPageController.php": "5d729a5715124a4f383130e531a77f793c1a2f9ff42e33b5559d4de618c8b4f0",
    "src/addons/DBTech/SocialGroups/XF/Pub/Controller/ThreadController.php": "829bf8055e30ab9329151ab550908f33190a2b8185aaea0ba8df4bd7d1feec3e",
    "src/addons/DBTech/SocialGroups/XF/Pub/Controller/WatchedController.php": "702cfb76da047d66cd55e132457f3935db475626d37152cc4684ec0e8583b696",
    "src/addons/DBTech/SocialGroups/XF/Repository/CountersRepository.php": "9212ccc33a42041c398fb32a26391425665ab873a37a9203f85a4067a9e89812",
    "src/addons/DBTech/SocialGroups/XF/Searcher/User.php": "e4115590faa5516ce1fce692bdc82e1dc4137fc4535dc94c94497e7698d5a643",
    "src/addons/DBTech/SocialGroups/XF/Service/User/DeleteCleanUpService.php": "4bef9de756685e2d35177288d1b43f33cdacab8decdbf50002ababa7f28066d8",
    "src/addons/DBTech/SocialGroups/XF/Service/User/DeleteService.php": "c4e56ea0e8f8db1995d3646e0c18ad1aad5d5961b107ef59a99ab4a758af9a72",
    "src/addons/DBTech/SocialGroups/XF/Service/User/IgnoreService.php": "4b4ad1378d39ea352f4fc6b2d90ed0dbdd1ed10cb66fab6db53024c56bec124f",
    "src/addons/DBTech/SocialGroups/XF/Template/Templater.php": "79837bae97bd2d52db8dedefe83790a58bacd9b4a42c667a3fad110cf20d388d",
    "src/addons/DBTech/SocialGroups/XF/Widget/TrendingContent.php": "79b36a6cc83adb33e9047d118c2dc1f7498f883459e8d9024c638f980fe6f179",
    "src/addons/DBTech/SocialGroups/XFMG/ControllerPlugin/AlbumList.php": "f128c3eb5a9a449589c5036418e622816f68b71bf9aee2841246bbda1f2263fc",
    "src/addons/DBTech/SocialGroups/XFMG/ControllerPlugin/MediaList.php": "f671fd0d0e781a80a181439cdbf021b5367a92a4c7ef72188795730ba9835803",
    "src/addons/DBTech/SocialGroups/XFMG/Entity/Album.php": "bbee47452460573cc65098d6ce345b38a41c06bc85b8029ddc04fca741851827",
    "src/addons/DBTech/SocialGroups/XFMG/Entity/MediaItem.php": "9c22d4ad8e941ccceac58249f8dc0ba51a79dec95ebc7e8eee996d7b67984a84",
    "src/addons/DBTech/SocialGroups/XFMG/NewsFeed/Album.php": "280f1267f1832818f028fffb52f277ee84c103108b298d6ebf0da0e8da311f34",
    "src/addons/DBTech/SocialGroups/XFMG/NewsFeed/Comment.php": "73753e48162970782927d661c42c2c2ba417d0bcc9b3f628c6124dd94d51f672",
    "src/addons/DBTech/SocialGroups/XFMG/NewsFeed/MediaItem.php": "b80036b627b63b43bf82aea02f53cc5e3400e06837bcfc5b9b32b99d32785703",
    "src/addons/DBTech/SocialGroups/XFMG/Pub/Controller/Album.php": "ce8323f66ddc96d9d92fe4c3e4d01dedbf4a3a6b3c1da9709ff45c9f15de47e4",
    "src/addons/DBTech/SocialGroups/XFMG/Pub/Controller/Media.php": "7f7bb4946fc08d0d2883fbfb00b6a5385b46843fcad1fed4d4f29e9ecc94efb5",
    "src/addons/DBTech/SocialGroups/XFMG/Repository/Album.php": "2f193f4f15f2d6fd213a9f139f776335542825863fdbe7127e894ce3830ac2e1",
    "src/addons/DBTech/SocialGroups/XFMG/Repository/Media.php": "6632cfb817b172d6b78b38abf7456372d61d05262784818f54c835e15f91c7b0",
    "src/addons/DBTech/SocialGroups/XFMG/Service/Album/Creator.php": "6d36adaa51ce205761f49b14737ed2a88ac5caf17c4ac6f517e0baf2b2e668a7",
    "src/addons/DBTech/SocialGroups/_data/activity_summary_definitions.xml": "cbe0e7df811b53c760076d88c3bade7f59cc02cce5526430e8f2df2ad17f1a78",
    "src/addons/DBTech/SocialGroups/_data/admin_navigation.xml": "58dd17c3da26a8898e07c523c05e861a081a969d7243e6ebd8803af291948081",
    "src/addons/DBTech/SocialGroups/_data/admin_permission.xml": "011748ecf5f1136a7cefda03cb694f8290ea0b38e8b60238798b5de91f6eaf4b",
    "src/addons/DBTech/SocialGroups/_data/advertising_positions.xml": "86c764f0d251882c7cfa1dc0152da28470eb7d270a82075285399f7e740faa4f",
    "src/addons/DBTech/SocialGroups/_data/api_scopes.xml": "7656ff3104020bd65b58f63c139daaef9d80e7bf875abfa627e9da7c03259bce",
    "src/addons/DBTech/SocialGroups/_data/bb_codes.xml": "a2b3e79e8df0c01cb3a44e43b127dda1aa98ad1a8d1321b9f80ae70e66ad7867",
    "src/addons/DBTech/SocialGroups/_data/bb_code_media_sites.xml": "b42e66ff19c650e66ff63ec21d192ba7f597414296f72e3143bb762b9c36d340",
    "src/addons/DBTech/SocialGroups/_data/class_extensions.xml": "8cba49c27bf3b5ff577a8caaadfb482df5272ea239b6939a7e879655a5c4d695",
    "src/addons/DBTech/SocialGroups/_data/code_events.xml": "434f3b3bcb7ac2baebe51669d60d11c1f3d48ca3468870f695d1082f35330d56",
    "src/addons/DBTech/SocialGroups/_data/code_event_listeners.xml": "e6c44a4de2a9cfe0447a68aab19fbf943151cf7ed12d639912c3f566b94cb62f",
    "src/addons/DBTech/SocialGroups/_data/content_type_fields.xml": "09c98cd75d9ccb59d1b8ad75aacedefa34cf4004b79aa620b52e582ce697311f",
    "src/addons/DBTech/SocialGroups/_data/cron.xml": "333bf03790b5579fd4a0b7cb2570463d8ab76a6c46595c1fdfb551fed5b7821e",
    "src/addons/DBTech/SocialGroups/_data/help_pages.xml": "d955479408ed0af082a51fd305f2a481bf1f35033cc794e8bc0ba6b49269511c",
    "src/addons/DBTech/SocialGroups/_data/member_stats.xml": "d4f8dc2d81a0237dad813f348bea8af6689c3d7cadb49b15eef859be60825180",
    "src/addons/DBTech/SocialGroups/_data/navigation.xml": "7c718797001444d3b6d62d61034c6397e814a33ba3807cdd5d9ebba0cdb6065a",
    "src/addons/DBTech/SocialGroups/_data/options.xml": "e7ee38a4af3b676de7e81437b01ec5679b56944b22ba0399b23fa052a2872b3b",
    "src/addons/DBTech/SocialGroups/_data/option_groups.xml": "c6921f89c4ffd38cfdf4b456ef66e85ee4faaa58624b0e7db19ea1394d1662ac",
    "src/addons/DBTech/SocialGroups/_data/permissions.xml": "e5277cee080c7d47e73c51384908af9d4e99fd112fe93c50a8dd238a0454d99e",
    "src/addons/DBTech/SocialGroups/_data/permission_interface_groups.xml": "c06dd917b1959b8a216dd9bd320d68a21fb615117597774a6873e65fe57a051b",
    "src/addons/DBTech/SocialGroups/_data/phrases.xml": "9661594bb7dca544fc98b1d8129bb2811952bedf0fff308cb04e81c3202bea17",
    "src/addons/DBTech/SocialGroups/_data/routes.xml": "6051eb4168c5597c91129c26bb03dfaaf7e244a69d43f5e8a16591e0bdf66508",
    "src/addons/DBTech/SocialGroups/_data/style_properties.xml": "32d7ed553521847875a8f2c0b0386079d3dbc82bbdf6eee1c77d398b80d975f6",
    "src/addons/DBTech/SocialGroups/_data/style_property_groups.xml": "8c2bc5940893e4b0b26816300da4439e9387f642d5d82c65d596322b506ed0ad",
    "src/addons/DBTech/SocialGroups/_data/templates.xml": "346108b4bc8b97210a7674f9cabd9f05e9ebfb0d61ff4f72cd9e2d0f55e3982c",
    "src/addons/DBTech/SocialGroups/_data/template_modifications.xml": "f9ee38b8a847d2b2c598f3aac1e46a187cfc9eb50d98e668442036a3470a444b",
    "src/addons/DBTech/SocialGroups/_data/widget_definitions.xml": "727990f2aad90737061dd866ca4731c4dad104006ba8007f4d8627379c6ec11f",
    "src/addons/DBTech/SocialGroups/_data/widget_positions.xml": "5bff99f79d177bf42ee87af62fdb59b1034ff042d14c1991e421612e4c24fed2"
}